stage,channel,distance,p,shots,root_seed,n00,n10,n01,n11,construction,boundary_orientation,clock,logical_x_failures,logical_x_rate,logical_x_standard_error,logical_x_wilson_low,logical_x_wilson_high,logical_z_failures,logical_z_rate,logical_z_standard_error,logical_z_wilson_low,logical_z_wilson_high,any_logical_failures
pilot,hadamard,9,0.0,2000,20260923,2000,0,0,0,bp,x_ns,gate_layer,0,0.0,0.0,1.0842021724855044e-19,0.001917047281252934,0,0.0,0.0,1.0842021724855044e-19,0.001917047281252934,0
pilot,hadamard,9,0.005,2000,20260923,1719,0,281,0,bp,x_ns,gate_layer,0,0.0,0.0,1.0842021724855044e-19,0.001917047281252934,281,0.1405,0.007770448828735699,0.12595838346176766,0.1564199735334532,281
pilot,hadamard,9,0.01,2000,20260923,1579,0,421,0,bp,x_ns,gate_layer,0,0.0,0.0,1.0842021724855044e-19,0.001917047281252934,421,0.2105,0.009115639034099584,0.19319716849694898,0.22891280187889637,421
pilot,hadamard,9,0.015,2000,20260923,1482,1,515,2,bp,x_ns,gate_layer,3,0.0015,0.0008653756409791069,0.0005102635836384819,0.004401032555770693,517,0.2585,0.00978973314243039,0.2397882531557159,0.27813768068112926,518
pilot,hadamard,9,0.02,2000,20260923,1366,5,628,1,bp,x_ns,gate_layer,6,0.003,0.0012229063741758812,0.0013756299236301083,0.006529915073935308,629,0.3145,0.010382431073693675,0.29452282583618306,0.3351883987051617,634
pilot,hadamard,9,0.025,10000,20260923,6609,44,3327,20,bp,x_ns,gate_layer,64,0.0064,0.0007974358908401352,0.005015442801028862,0.008163640390503074,3347,0.3347,0.004718854839894951,0.32551624747073904,0.3440107023906065,3391
pilot,hadamard,9,0.03,10000,20260923,6506,61,3404,29,bp,x_ns,gate_layer,90,0.009,0.0009444045743218317,0.007328320093401381,0.011048766306603034,3433,0.3433,0.004748106043466174,0.33405564807257254,0.3526646970167974,3494
pilot,hadamard,9,0.035,10000,20260923,6229,103,3595,73,bp,x_ns,gate_layer,176,0.0176,0.0013149235719234788,0.015201882893054925,0.020368598734973858,3668,0.3668,0.0048193128140845976,0.357407144263061,0.3762951529028871,3771
pilot,hadamard,9,0.04,10000,20260923,6067,159,3670,104,bp,x_ns,gate_layer,263,0.0263,0.0016002596664291707,0.023340779696836927,0.029623020359542077,3774,0.3774,0.004847362581858304,0.36794812974917646,0.3869460266513134,3933
pilot,hadamard,9,0.045,10000,20260923,5947,251,3664,138,bp,x_ns,gate_layer,389,0.0389,0.0019335663939984062,0.03528393401149463,0.042870189285943314,3802,0.3802,0.004854358454008109,0.37073335095767973,0.38975865505193424,4053
pilot,hadamard,9,0.05,10000,20260923,5679,326,3786,209,bp,x_ns,gate_layer,535,0.0535,0.0022502833154960733,0.04925849590206199,0.0580844146429522,3995,0.3995,0.004897956206419163,0.3899405398226646,0.40913664384984133,4321
pilot,hadamard,9,0.055,10000,20260923,5536,357,3841,266,bp,x_ns,gate_layer,623,0.0623,0.002416996276372804,0.05772877877310782,0.06720737340058246,4107,0.4107,0.004919608825912889,0.4010938254340767,0.4203747566749261,4464
pilot,hadamard,9,0.06,10000,20260923,5392,507,3774,327,bp,x_ns,gate_layer,834,0.0834,0.0027648587667365577,0.07813962945182852,0.08898031799061921,4101,0.4101,0.004918515934710387,0.40049619661317365,0.41977284629387396,4608
pilot,hadamard,9,0.065,10000,20260923,5173,599,3812,416,bp,x_ns,gate_layer,1015,0.1015,0.00301989652140599,0.09573329332686764,0.10757275337456162,4228,0.4228,0.004940042105083721,0.4131491538485212,0.4325101354999112,4827
pilot,hadamard,9,0.07,10000,20260923,4927,742,3797,534,bp,x_ns,gate_layer,1276,0.1276,0.0033364388200594957,0.12120339304851928,0.13428260893796065,4331,0.4331,0.004955041775807748,0.4234158169031981,0.4428355620787984,5073
pilot,hadamard,9,0.075,2000,20260923,968,153,742,137,bp,x_ns,gate_layer,290,0.145,0.007873214083206426,0.1302491199839655,0.16111198358572404,879,0.4395,0.011098192420389907,0.41788447428718983,0.4613474884338417,1032
pilot,hadamard,9,0.08,2000,20260923,933,181,751,135,bp,x_ns,gate_layer,316,0.158,0.008155856791288085,0.14267232159440146,0.17463893874597552,886,0.443,0.011107452453195556,0.4213596676986415,0.46485887569142126,1067
pilot,hadamard,9,0.085,2000,20260923,896,205,737,162,bp,x_ns,gate_layer,367,0.1835,0.00865528018032923,0.16714811872611415,0.2010653722029189,899,0.4495,0.011123168388548292,0.42781649310232195,0.47137712867308457,1104
pilot,hadamard,9,0.09,2000,20260923,868,226,739,167,bp,x_ns,gate_layer,393,0.1965,0.008885036578427801,0.17967444607855565,0.21448920162116486,906,0.453,0.011130835548151809,0.4312947994096908,0.47488540303474697,1132
pilot,hadamard,9,0.095,2000,20260923,881,222,712,185,bp,x_ns,gate_layer,407,0.2035,0.00900243717001124,0.18643171083331078,0.22170509820447215,897,0.4485,0.01112087563998447,0.42682289089328446,0.47037456497668456,1119
pilot,hadamard,9,0.1,2000,20260923,816,277,658,249,bp,x_ns,gate_layer,526,0.263,0.009844567029585404,0.2441724933907117,0.28273618702060216,907,0.4535,0.011131885509651992,0.4317917889314336,0.4753864964657229,1184
pilot,hadamard,11,0.0,2000,20260923,2000,0,0,0,bp,x_ns,gate_layer,0,0.0,0.0,1.0842021724855044e-19,0.001917047281252934,0,0.0,0.0,1.0842021724855044e-19,0.001917047281252934,0
pilot,hadamard,11,0.005,2000,20260923,1616,0,384,0,bp,x_ns,gate_layer,0,0.0,0.0,1.0842021724855044e-19,0.001917047281252934,384,0.192,0.008807269724494646,0.17533496798776405,0.20984593313748773,384
pilot,hadamard,11,0.01,2000,20260923,1359,0,641,0,bp,x_ns,gate_layer,0,0.0,0.0,1.0842021724855044e-19,0.001917047281252934,641,0.3205,0.010435031145137996,0.30040854076729867,0.34127967920667107,641
pilot,hadamard,11,0.015,2000,20260923,1373,1,626,0,bp,x_ns,gate_layer,1,0.0005,0.0004998749843710925,8.826773070546787e-05,0.0028268625032662133,626,0.313,0.01036896812609625,0.2930520083961643,0.3336649672870242,627
pilot,hadamard,11,0.02,2000,20260923,1271,2,726,1,bp,x_ns,gate_layer,3,0.0015,0.0008653756409791069,0.0005102635836384819,0.004401032555770693,727,0.3635,0.010755643867291257,0.3426995927518158,0.3848237611559662,729
pilot,hadamard,11,0.025,10000,20260923,6272,23,3695,10,bp,x_ns,gate_layer,33,0.0033,0.0005735076285456019,0.002350823409618217,0.004630640571811913,3705,0.3705,0.004829386607013359,0.3610859908502289,0.38001346472777625,3728
pilot,hadamard,11,0.03,10000,20260923,6129,59,3788,24,bp,x_ns,gate_layer,83,0.0083,0.000907254650029417,0.006700968940935741,0.010276655056787622,3812,0.3812,0.0048568154175344155,0.3717281542285527,0.39076308378431995,3871
pilot,hadamard,11,0.035,10000,20260923,5919,89,3933,59,bp,x_ns,gate_layer,148,0.0148,0.0012075164595151489,0.01261275780745284,0.01735987421145173,3992,0.3992,0.004897339685992794,0.38964186267427037,0.4088355513972579,4081
pilot,hadamard,11,0.04,10000,20260923,5712,117,4068,103,bp,x_ns,gate_layer,220,0.022,0.0014668333238647122,0.019303308176876983,0.02506379426548984,4171,0.4171,0.004930796994401615,0.40746945219548947,0.4267942147343686,4288
pilot,hadamard,11,0.045,10000,20260923,5568,187,4095,150,bp,x_ns,gate_layer,337,0.0337,0.0018045583947326283,0.03033833762278134,0.03741977925771164,4245,0.4245,0.004942668813505514,0.41484335578607123,0.4342146279679008,4432
pilot,hadamard,11,0.05,10000,20260923,5475,296,4030,199,bp,x_ns,gate_layer,495,0.0495,0.0021690954335851615,0.04541893986540119,0.05392704266657841,4229,0.4229,0.004940198275373166,0.4132488095382629,0.4326104030104953,4525
pilot,hadamard,11,0.055,10000,20260923,5293,410,3993,304,bp,x_ns,gate_layer,714,0.0714,0.0025749182511295384,0.06651612030545831,0.07661304309788566,4297,0.4297,0.004950332413080964,0.42002634732893984,0.4394276428419772,4707
pilot,hadamard,11,0.06,10000,20260923,5086,477,4064,373,bp,x_ns,gate_layer,850,0.085,0.002788816953476868,0.07969210510681618,0.09062661354084539,4437,0.4437,0.004968201988647402,0.43398596790973887,0.45345727030679917,4914
pilot,hadamard,11,0.065,10000,20260923,4873,648,4011,468,bp,x_ns,gate_layer,1116,0.1116,0.003148736889611452,0.10557711680446394,0.11792117312987765,4479,0.4479,0.0049727818170517,0.43817538400819617,0.4576646286220282,5127
pilot,hadamard,11,0.07,10000,20260923,4714,723,3944,619,bp,x_ns,gate_layer,1342,0.1342,0.0034086707086487546,0.1276594008360816,0.14102153237190543,4563,0.4563,0.004980866490882887,0.44655632190692385,0.46607723955067315,5286
pilot,hadamard,11,0.075,2000,20260923,894,148,806,152,bp,x_ns,gate_layer,300,0.15,0.007984359711335657,0.1350225249497082,0.1663194081471688,958,0.479,0.011170474475151,0.4571674890056885,0.500913026980124,1106
pilot,hadamard,11,0.08,2000,20260923,860,204,753,183,bp,x_ns,gate_layer,387,0.1935,0.008833395440033238,0.17678106379716146,0.21139408618624655,936,0.468,0.011157419056394719,0.4462140910591975,0.4899085999668026,1140
pilot,hadamard,11,0.085,2000,20260923,843,211,756,190,bp,x_ns,gate_layer,401,0.2005,0.008952646256833787,0.18353471853619274,0.21861359278527775,946,0.473,0.011164027051203344,0.4511915916594162,0.4949119288937713,1157
pilot,hadamard,11,0.09,2000,20260923,827,261,677,235,bp,x_ns,gate_layer,496,0.248,0.009656500401284102,0.22956868258991328,0.2673975092398382,912,0.456,0.011136965475388708,0.43427706845902697,0.47789163170172316,1173
pilot,hadamard,11,0.095,2000,20260923,803,261,665,271,bp,x_ns,gate_layer,532,0.266,0.009880384607898621,0.2470967619787775,0.2858004161488489,936,0.468,0.011157419056394719,0.4462140910591975,0.4899085999668026,1197
pilot,hadamard,11,0.1,2000,20260923,748,285,689,278,bp,x_ns,gate_layer,563,0.2815,0.010056285347980138,0.2622233645335828,0.30161438512832456,967,0.4835,0.011174250534152167,0.4616514826351063,0.5054117799251748,1252
pilot,hadamard,13,0.0,2000,20260923,2000,0,0,0,bp,x_ns,gate_layer,0,0.0,0.0,1.0842021724855044e-19,0.001917047281252934,0,0.0,0.0,1.0842021724855044e-19,0.001917047281252934,0
pilot,hadamard,13,0.005,2000,20260923,1524,0,476,0,bp,x_ns,gate_layer,0,0.0,0.0,1.0842021724855044e-19,0.001917047281252934,476,0.238,0.00952249967182987,0.219849644634618,0.25715488814075843,476
pilot,hadamard,13,0.01,2000,20260923,1321,0,679,0,bp,x_ns,gate_layer,0,0.0,0.0,1.0842021724855044e-19,0.001917047281252934,679,0.3395,0.010588667291023928,0.31907189881601794,0.36054347336126424,679
pilot,hadamard,13,0.015,2000,20260923,1261,0,738,1,bp,x_ns,gate_layer,1,0.0005,0.0004998749843710925,8.826773070546787e-05,0.0028268625032662133,739,0.3695,0.010792815897623754,0.34861544937704464,0.39088489996336223,739
pilot,hadamard,13,0.02,2000,20260923,1248,2,749,1,bp,x_ns,gate_layer,3,0.0015,0.0008653756409791069,0.0005102635836384819,0.004401032555770693,750,0.375,0.010825317547305483,0.3540413909002699,0.3964378709200432,752
pilot,hadamard,13,0.025,10000,20260923,6034,11,3951,4,bp,x_ns,gate_layer,15,0.0015,0.0003870077518603471,0.0009092618255931228,0.002473584549971443,3955,0.3955,0.004889578202667384,0.38595848680616945,0.4051217688533019,3966
pilot,hadamard,13,0.03,10000,20260923,5789,42,4139,30,bp,x_ns,gate_layer,72,0.0072,0.0008454679177828097,0.005721693857721179,0.009056774936417673,4169,0.4169,0.00493046032333696,0.4072701884746939,0.4265936320545125,4211
pilot,hadamard,13,0.035,10000,20260923,5589,81,4294,36,bp,x_ns,gate_layer,117,0.0117,0.0010753190224300879,0.00977199841537232,0.014003014393430442,4330,0.433,0.004954906659060289,0.4233161199735428,0.44273533580812774,4411
pilot,hadamard,13,0.04,10000,20260923,5612,106,4207,75,bp,x_ns,gate_layer,181,0.0181,0.0013331312763565336,0.015666115469572122,0.020903982160085984,4282,0.4282,0.004948179059007465,0.41853114137547165,0.4379240007905575,4388
pilot,hadamard,13,0.045,10000,20260923,5409,170,4282,139,bp,x_ns,gate_layer,309,0.0309,0.0017304678558124102,0.027684349146600024,0.03447591812476875,4421,0.4421,0.004966362753565229,0.4323901850563333,0.4518542819549909,4591
pilot,hadamard,13,0.05,10000,20260923,5265,260,4214,261,bp,x_ns,gate_layer,521,0.0521,0.0022222868851703194,0.04791383183117402,0.05663015390927806,4475,0.4475,0.004972361109171377,0.4377763617031815,0.45726395812573944,4735
pilot,hadamard,13,0.055,10000,20260923,5076,384,4210,330,bp,x_ns,gate_layer,714,0.0714,0.0025749182511295384,0.06651612030545831,0.07661304309788566,4540,0.454,0.004978795034945705,0.4442612627375719,0.46377406511253033,4924
pilot,hadamard,13,0.06,10000,20260923,4865,498,4251,386,bp,x_ns,gate_layer,884,0.0884,0.002838757474670917,0.08299301476799524,0.09412309269074574,4637,0.4637,0.004986805691021057,0.45394184641945035,0.4734860318622607,5135
pilot,hadamard,13,0.065,10000,20260923,4774,614,4101,511,bp,x_ns,gate_layer,1125,0.1125,0.0031598061649411343,0.10645509461507102,0.11884250412220335,4612,0.4612,0.004984922868009093,0.45144649455126906,0.47098330372229535,5226
pilot,hadamard,13,0.07,10000,20260923,4538,750,4042,670,bp,x_ns,gate_layer,1420,0.142,0.003490501396647765,0.1352961466999413,0.14897879613346313,4712,0.4712,0.004991698708856535,0.4614293818242406,0.48099273648191027,5462
pilot,hadamard,13,0.075,2000,20260923,895,180,781,144,bp,x_ns,gate_layer,324,0.162,0.008238810593768981,0.14650266776130155,0.17879325620082537,925,0.4625,0.011148850837642416,0.4407413798735494,0.4844023986725445,1105
pilot,hadamard,13,0.08,2000,20260923,830,209,759,202,bp,x_ns,gate_layer,411,0.2055,0.009035201989994468,0.18836387636696572,0.22376526448169215,961,0.4805,0.011171834003421283,0.45866195647115976,0.502412808372809,1170
pilot,hadamard,13,0.085,2000,20260923,786,223,766,225,bp,x_ns,gate_layer,448,0.224,0.009322660564452618,0.20626688232702026,0.2427913277722313,991,0.4955,0.011179887074563856,0.4736174624101077,0.5173997910154234,1214
pilot,hadamard,13,0.09,2000,20260923,809,261,712,218,bp,x_ns,gate_layer,479,0.2395,0.00954305375652888,0.22130661403712606,0.2586921675964067,930,0.465,0.011152914417317117,0.44322864571722487,0.48690554759246274,1191
pilot,hadamard,13,0.095,2000,20260923,731,258,735,276,bp,x_ns,gate_layer,534,0.267,0.009892193892155572,0.2480717718528757,0.28682157218018817,1011,0.5055,0.011179663456473097,0.48359872896094624,0.5273801835189598,1269
pilot,hadamard,13,0.1,2000,20260923,708,336,677,279,bp,x_ns,gate_layer,615,0.3075,0.01031852096959637,0.2876611266800439,0.3280769365232384,956,0.478,0.0111695120752878,0.4561712868971988,0.49991306318317613,1292
pilot,hadamard,15,0.0,2000,20260923,2000,0,0,0,bp,x_ns,gate_layer,0,0.0,0.0,1.0842021724855044e-19,0.001917047281252934,0,0.0,0.0,1.0842021724855044e-19,0.001917047281252934,0
pilot,hadamard,15,0.005,2000,20260923,1413,0,587,0,bp,x_ns,gate_layer,0,0.0,0.0,1.0842021724855044e-19,0.001917047281252934,587,0.2935,0.010182282406219148,0.2739541721375461,0.31383756838961124,587
pilot,hadamard,15,0.01,2000,20260923,1272,0,728,0,bp,x_ns,gate_layer,0,0.0,0.0,1.0842021724855044e-19,0.001917047281252934,728,0.364,0.010758810343155975,0.34319244636301494,0.3853289904974857,728
pilot,hadamard,15,0.015,2000,20260923,1253,0,746,1,bp,x_ns,gate_layer,1,0.0005,0.0004998749843710925,8.826773070546787e-05,0.0028268625032662133,747,0.3735,0.010816601823123564,0.35256129877589387,0.394923714186263,747
pilot,hadamard,15,0.02,2000,20260923,1182,1,817,0,bp,x_ns,gate_layer,1,0.0005,0.0004998749843710925,8.826773070546787e-05,0.0028268625032662133,817,0.4085,0.010991536516793273,0.3871523387205605,0.43019848093190866,818
pilot,hadamard,15,0.025,10000,20260923,5690,8,4296,6,bp,x_ns,gate_layer,14,0.0014,0.0003739037309254884,0.000834162028874972,0.002348761146363729,4302,0.4302,0.004951039890770423,0.4205247695029098,0.4399288366696366,4310
pilot,hadamard,15,0.03,10000,20260923,5637,17,4334,12,bp,x_ns,gate_layer,29,0.0029,0.0005377350648786073,0.0020199966335610452,0.004161774546565626,4346,0.4346,0.004957043877150978,0.4249113191325563,0.44433890785432806,4363
pilot,hadamard,15,0.035,10000,20260923,5532,49,4384,35,bp,x_ns,gate_layer,84,0.0084,0.0009126576576131929,0.006790405766700767,0.01038714143134846,4419,0.4419,0.004966129176733123,0.4321907193933202,0.4516539012173524,4468
pilot,hadamard,15,0.04,10000,20260923,5356,83,4482,79,bp,x_ns,gate_layer,162,0.0162,0.0012624404936471263,0.01390494978185447,0.0188666070416122,4561,0.4561,0.004980690614764182,0.44635674321841134,0.46587697183853394,4644
pilot,hadamard,15,0.045,10000,20260923,5300,179,4401,120,bp,x_ns,gate_layer,299,0.0299,0.0017031144999676328,0.02673823704797818,0.03342279822013196,4521,0.4521,0.004977003013862861,0.44236550260238006,0.4618712844415307,4700
pilot,hadamard,15,0.05,10000,20260923,5179,254,4337,230,bp,x_ns,gate_layer,484,0.0484,0.002146099718093267,0.044364369328904134,0.052782457999490946,4567,0.4567,0.004981215815441045,0.44695548403935137,0.46647777021954906,4821
pilot,hadamard,15,0.055,10000,20260923,4868,361,4434,337,bp,x_ns,gate_layer,698,0.0698,0.0025480965444817827,0.06496924567872446,0.07496114651940568,4771,0.4771,0.004994753147053416,0.4673211330960434,0.48689645402933357,5132
pilot,hadamard,15,0.06,10000,20260923,4770,531,4230,469,bp,x_ns,gate_layer,1000,0.1,0.003,0.09427283017063046,0.10603436852591083,4699,0.4699,0.0049909316765509824,0.46013138351096544,0.4796917331909491,5230
pilot,hadamard,15,0.065,10000,20260923,4679,630,4135,556,bp,x_ns,gate_layer,1186,0.1186,0.0032331724358592444,0.11240907970664284,0.12508383425050928,4691,0.4691,0.004990442765927689,0.45933264840429344,0.47889108269501435,5321
pilot,hadamard,15,0.07,10000,20260923,4333,779,4146,742,bp,x_ns,gate_layer,1521,0.1521,0.0035911779404535224,0.14519509720437124,0.15927208886194555,4888,0.4888,0.004998745442608575,0.47900882006816453,0.4985997814953385,5667
pilot,hadamard,15,0.075,2000,20260923,840,186,798,176,bp,x_ns,gate_layer,362,0.181,0.008609268261588785,0.1647427755094818,0.1984803006559575,974,0.487,0.011176560293757645,0.46514025893940397,0.5089095842899085,1160
pilot,hadamard,15,0.08,2000,20260923,800,231,752,217,bp,x_ns,gate_layer,448,0.224,0.009322660564452618,0.20626688232702026,0.2427913277722313,969,0.4845,0.011174966442902638,0.4626481664667723,0.5064112619989464,1200
pilot,hadamard,15,0.085,2000,20260923,794,249,711,246,bp,x_ns,gate_layer,495,0.2475,0.009649967616525975,0.2290824041590487,0.26688570471798395,957,0.4785,0.011169998880931009,0.4566693769960879,0.5004130560370058,1206
pilot,hadamard,15,0.09,2000,20260923,713,308,719,260,bp,x_ns,gate_layer,568,0.284,0.010083253443209686,0.26466587909352945,0.30416228533197165,979,0.4895,0.011177874350698346,0.4676328982207936,0.5114073597721125,1287
pilot,hadamard,15,0.095,2000,20260923,725,315,651,309,bp,x_ns,gate_layer,624,0.312,0.01035992277963499,0.29207160026936785,0.33264920950838317,960,0.48,0.011171392035015153,0.4581637787459181,0.5019129031453318,1275
pilot,hadamard,15,0.1,2000,20260923,649,346,642,363,bp,x_ns,gate_layer,709,0.3545,0.010696488909918056,0.3338324449400018,0.3757254158188427,1005,0.5025,0.01118020013237688,0.48060343126068417,0.5243869835029094,1351
pilot,y_only,9,0.0,2000,20260923,2000,0,0,0,bp,x_ns,gate_layer,0,0.0,0.0,1.0842021724855044e-19,0.001917047281252934,0,0.0,0.0,1.0842021724855044e-19,0.001917047281252934,0
pilot,y_only,9,0.005,2000,20260923,1542,1,457,0,bp,x_ns,gate_layer,1,0.0005,0.0004998749843710925,8.826773070546787e-05,0.0028268625032662133,457,0.2285,0.00938849695105665,0.21062964231576428,0.24741131435795602,458
pilot,y_only,9,0.01,2000,20260923,1359,2,636,3,bp,x_ns,gate_layer,5,0.0025,0.001116635571706365,0.0010683087284139143,0.005839153316432755,639,0.3195,0.010426402783318895,0.29942731808054834,0.3402647359879839,641
pilot,y_only,9,0.015,2000,20260923,1281,15,697,7,bp,x_ns,gate_layer,22,0.011,0.002332273568859365,0.007275425411318251,0.016599446829747115,704,0.352,0.010679325821417755,0.33137077687795946,0.3731966691172913,719
pilot,y_only,9,0.02,2000,20260923,1234,28,710,28,bp,x_ns,gate_layer,56,0.028,0.0036889022757454555,0.021625209947844046,0.03618448268565872,738,0.369,0.010789786837560785,0.34812232726921355,0.3903799391184746,766
pilot,y_only,9,0.025,2000,20260923,1105,67,774,54,bp,x_ns,gate_layer,121,0.0605,0.005331029450303197,0.05086998931063991,0.0718150952495814,828,0.414,0.01101371871803525,0.39259844495741614,0.43573128717495924,895
pilot,y_only,9,0.03,2000,20260923,1067,102,762,69,bp,x_ns,gate_layer,171,0.0855,0.006252589463574272,0.07402575867765614,0.09856347351850255,831,0.4155,0.011019522448817825,0.3940842273029462,0.43723975368758544,933
pilot,y_only,9,0.035,2000,20260923,1025,129,738,108,bp,x_ns,gate_layer,237,0.1185,0.007226954752867904,0.10506147973311827,0.1334012273424777,846,0.423,0.011046967909793166,0.4015162133222035,0.44477901195910935,975
pilot,y_only,9,0.04,2000,20260923,916,198,737,149,bp,x_ns,gate_layer,347,0.1735,0.008467518821945422,0.15753398905899782,0.19071784281566026,886,0.443,0.011107452453195556,0.4213596676986415,0.46485887569142126,1084
pilot,y_only,9,0.045,2000,20260923,881,235,683,201,bp,x_ns,gate_layer,436,0.218,0.009232442797006652,0.20045462357218746,0.23662659109443912,884,0.442,0.011104863799254811,0.4203666437667213,0.463855733717904,1119
pilot,y_only,9,0.05,2000,20260923,818,249,680,253,bp,x_ns,gate_layer,502,0.251,0.009695333929267212,0.2324870622616892,0.27046762728437473,933,0.4665,0.011155217389186104,0.44472126939809276,0.4884071727697511,1182
pilot,y_only,9,0.055,2000,20260923,771,275,658,296,bp,x_ns,gate_layer,571,0.2855,0.010099251209866997,0.2661317454119759,0.3056906678716815,954,0.477,0.011168504823833851,0.4551751724430595,0.49891301173187796,1229
pilot,y_only,9,0.06,2000,20260923,706,351,616,327,bp,x_ns,gate_layer,678,0.339,0.010584871279330704,0.3185802751821368,0.36003701404242666,943,0.4715,0.01116216264887768,0.44969811087818734,0.4934111608168439,1294
pilot,y_only,9,0.065,2000,20260923,694,394,571,341,bp,x_ns,gate_layer,735,0.3675,0.010780624981883008,0.3466431068552237,0.3888649106743082,912,0.456,0.011136965475388708,0.43427706845902697,0.47789163170172316,1306
pilot,y_only,9,0.07,2000,20260923,652,385,568,395,bp,x_ns,gate_layer,780,0.39,0.01090642012761291,0.36885414285349183,0.41156760754838373,963,0.4815,0.01117268432383194,0.45965837761892475,0.5034125531304815,1348
pilot,y_only,9,0.075,2000,20260923,584,439,557,420,bp,x_ns,gate_layer,859,0.4295,0.011068643774193837,0.40796139161315337,0.4513089120535032,977,0.4885,0.01117738229640554,0.4666357769044239,0.5104083151830447,1416
pilot,y_only,9,0.08,2000,20260923,608,418,519,455,bp,x_ns,gate_layer,873,0.4365,0.01108980951143887,0.41490660815973757,0.4583368568449815,974,0.487,0.011176560293757645,0.46514025893940397,0.5089095842899085,1392
pilot,y_only,9,0.085,2000,20260923,569,475,530,426,bp,x_ns,gate_layer,901,0.4505,0.011125415722569651,0.4288101840637623,0.4723796036170817,956,0.478,0.0111695120752878,0.4561712868971988,0.49991306318317613,1431
pilot,y_only,9,0.09,2000,20260923,553,479,532,436,bp,x_ns,gate_layer,915,0.4575,0.011139877692326787,0.4357685014943605,0.47939444752454585,968,0.484,0.011174614087296258,0.4621498136091259,0.5059115319038741,1447
pilot,y_only,9,0.095,2000,20260923,564,450,518,468,bp,x_ns,gate_layer,918,0.459,0.01114268818553225,0.4372601333273435,0.48089706454971914,986,0.493,0.01117924416049672,0.4711235114948243,0.5149033271671131,1436
pilot,y_only,9,0.1,2000,20260923,510,479,537,474,bp,x_ns,gate_layer,953,0.4765,0.01116798437498907,0.45467714809372733,0.4984129531284914,1011,0.5055,0.011179663456473097,0.48359872896094624,0.5273801835189598,1490
pilot,y_only,11,0.0,2000,20260923,2000,0,0,0,bp,x_ns,gate_layer,0,0.0,0.0,1.0842021724855044e-19,0.001917047281252934,0,0.0,0.0,1.0842021724855044e-19,0.001917047281252934,0
pilot,y_only,11,0.005,2000,20260923,1409,0,590,1,bp,x_ns,gate_layer,1,0.0005,0.0004998749843710925,8.826773070546787e-05,0.0028268625032662133,591,0.2955,0.010202444560006196,0.2759109422022877,0.31587313013574464,591
pilot,y_only,11,0.01,2000,20260923,1292,1,702,5,bp,x_ns,gate_layer,6,0.003,0.0012229063741758812,0.0013756299236301083,0.006529915073935308,707,0.3535,0.010689662062011128,0.33284770271363545,0.3747139921397716,708
pilot,y_only,11,0.015,2000,20260923,1193,8,796,3,bp,x_ns,gate_layer,11,0.0055,0.0016537457482938543,0.003073897009543817,0.009822062751615332,799,0.3995,0.010952163028370241,0.3782465381323104,0.4211387883712214,807
pilot,y_only,11,0.02,2000,20260923,1165,25,789,21,bp,x_ns,gate_layer,46,0.023,0.003351939736928455,0.017287655978080053,0.030541207128235243,810,0.405,0.01097667982588542,0.383688082269522,0.426676156713916,835
pilot,y_only,11,0.025,2000,20260923,1099,51,804,46,bp,x_ns,gate_layer,97,0.0485,0.004803527349771208,0.03992009344287708,0.05881100025209431,850,0.425,0.011053845484717072,0.4034989384767725,0.44678861861541536,901
pilot,y_only,11,0.03,2000,20260923,1024,108,782,86,bp,x_ns,gate_layer,194,0.097,0.006617816860566633,0.08479131615107749,0.11075382395761238,868,0.434,0.011082508741255295,0.4124256686636799,0.4558273815774454,976
pilot,y_only,11,0.035,2000,20260923,961,138,765,136,bp,x_ns,gate_layer,274,0.137,0.007688660481514319,0.12262476751977995,0.15276700880640964,901,0.4505,0.011125415722569651,0.4288101840637623,0.4723796036170817,1039
pilot,y_only,11,0.04,2000,20260923,856,201,772,171,bp,x_ns,gate_layer,372,0.186,0.008700689627839852,0.16955463711039756,0.20364926858222923,943,0.4715,0.01116216264887768,0.44969811087818734,0.4934111608168439,1144
pilot,y_only,11,0.045,2000,20260923,818,275,693,214,bp,x_ns,gate_layer,489,0.2445,0.00961040451802108,0.2261654489104026,0.2638141622503176,907,0.4535,0.011131885509651992,0.4317917889314336,0.4753864964657229,1182
pilot,y_only,11,0.05,2000,20260923,746,296,679,279,bp,x_ns,gate_layer,575,0.2875,0.010120369311443136,0.2680866483826091,0.30772809671192325,958,0.479,0.011170474475151,0.4571674890056885,0.500913026980124,1254
pilot,y_only,11,0.055,2000,20260923,705,345,630,320,bp,x_ns,gate_layer,665,0.3325,0.010534318914861084,0.31219152056632005,0.35345069027289966,950,0.475,0.011166355717063647,0.45318320659358524,0.4969126457704772,1295
pilot,y_only,11,0.06,2000,20260923,627,372,640,361,bp,x_ns,gate_layer,733,0.3665,0.010774454742584424,0.34565708171038617,0.3878547699137082,1001,0.5005,0.011180334297327607,0.47860700315257176,0.5223910798001468,1373
pilot,y_only,11,0.065,2000,20260923,626,390,566,418,bp,x_ns,gate_layer,808,0.404,0.010972328832112169,0.3826985022887915,0.42566957078920903,984,0.492,0.011178908712392278,0.47012608411848256,0.5139045886380174,1374
pilot,y_only,11,0.07,2000,20260923,612,407,570,411,bp,x_ns,gate_layer,818,0.409,0.010993611781393773,0.3876473245775952,0.4307015780275927,981,0.4905,0.011178321653987239,0.46863010699531177,0.5124063169030318,1388
pilot,y_only,11,0.075,2000,20260923,551,450,546,453,bp,x_ns,gate_layer,903,0.4515,0.011127617669564317,0.42980396372393614,0.47338198986234536,999,0.4995,0.011180334297327607,0.47760892019985307,0.521392996847428,1449
pilot,y_only,11,0.08,2000,20260923,536,454,551,459,bp,x_ns,gate_layer,913,0.4565,0.011137947521873139,0.4347741907060151,0.4783925924074538,1010,0.505,0.01117978085652845,0.4830994580460823,0.5268813714811051,1464
pilot,y_only,11,0.085,2000,20260923,540,492,540,428,bp,x_ns,gate_layer,920,0.46,0.011144505372604026,0.43825466491811776,0.48189869886438236,968,0.484,0.011174614087296258,0.4621498136091259,0.5059115319038741,1460
pilot,y_only,11,0.09,2000,20260923,503,515,496,486,bp,x_ns,gate_layer,1001,0.5005,0.011180334297327607,0.47860700315257176,0.5223910798001468,982,0.491,0.011178528525704981,0.469128744176061,0.5129057626750014,1497
pilot,y_only,11,0.095,2000,20260923,505,481,557,457,bp,x_ns,gate_layer,938,0.469,0.011158830583891844,0.44720941543097464,0.49090944150046284,1014,0.507,0.01117924416049672,0.4850966728328868,0.5288764885051757,1495
pilot,y_only,11,0.1,2000,20260923,488,517,481,514,bp,x_ns,gate_layer,1031,0.5155,0.011174966442902636,0.4935887380010535,0.5373518335332275,995,0.4975,0.011180200132376878,0.4756130164970905,0.5193965687393156,1512
pilot,y_only,13,0.0,2000,20260923,2000,0,0,0,bp,x_ns,gate_layer,0,0.0,0.0,1.0842021724855044e-19,0.001917047281252934,0,0.0,0.0,1.0842021724855044e-19,0.001917047281252934,0
pilot,y_only,13,0.005,2000,20260923,1324,0,676,0,bp,x_ns,gate_layer,0,0.0,0.0,1.0842021724855044e-19,0.001917047281252934,676,0.338,0.010577239715540155,0.3175971051636417,0.35902401815548424,676
pilot,y_only,13,0.01,2000,20260923,1244,0,756,0,bp,x_ns,gate_layer,0,0.0,0.0,1.0842021724855044e-19,0.001917047281252934,756,0.378,0.01084241670477574,0.3570022244318796,0.399465535104746,756
pilot,y_only,13,0.015,2000,20260923,1144,7,840,9,bp,x_ns,gate_layer,16,0.008,0.0019919839356781974,0.0049302968532159265,0.012956077671536958,849,0.4245,0.011052143457266558,0.4030032232509735,0.4462862508884956,856
pilot,y_only,13,0.02,2000,20260923,1107,21,857,15,bp,x_ns,gate_layer,36,0.018,0.0029728773940409987,0.01302999144428223,0.024818042134845595,872,0.436,0.011088372288122365,0.41441037544849707,0.45783500660350324,893
pilot,y_only,13,0.025,2000,20260923,1035,44,863,58,bp,x_ns,gate_layer,102,0.051,0.004919298730510275,0.04218996991731548,0.06153153854124964,921,0.4605,0.011145397031958978,0.4387519638078759,0.48239948292734297,965
pilot,y_only,13,0.03,2000,20260923,989,109,810,92,bp,x_ns,gate_layer,201,0.1005,0.006723085229267884,0.08807923318177419,0.11445248759594692,902,0.451,0.011126522367748155,0.42930706280981784,0.4728808078237449,1011
pilot,y_only,13,0.035,2000,20260923,913,168,780,139,bp,x_ns,gate_layer,307,0.1535,0.00806032722660811,0.1383674835549553,0.16996103021095296,919,0.4595,0.011143602424709884,0.43775738808948933,0.48139789274029204,1087
pilot,y_only,13,0.04,2000,20260923,818,220,745,217,bp,x_ns,gate_layer,437,0.2185,0.009240068993248914,0.2009387675817283,0.23714053003761704,962,0.481,0.01117226476592817,0.45916015609633803,0.5029126917003495,1182
pilot,y_only,13,0.045,2000,20260923,739,297,697,267,bp,x_ns,gate_layer,564,0.282,0.010061709596286309,0.2627118076260212,0.3021240249886049,964,0.482,0.011173092678394824,0.4601566210364579,0.5039123926656671,1261
pilot,y_only,13,0.05,2000,20260923,719,316,645,320,bp,x_ns,gate_layer,636,0.318,0.010413356807485279,0.2979556861056527,0.3387421191047233,965,0.4825,0.011173489830845151,0.4606548863465414,0.5044122103083023,1281
pilot,y_only,13,0.055,2000,20260923,627,398,645,330,bp,x_ns,gate_layer,728,0.364,0.010758810343155975,0.34319244636301494,0.3853289904974857,975,0.4875,0.011176845485198405,0.4656387430577313,0.5094091831243,1373
pilot,y_only,13,0.06,2000,20260923,591,437,608,364,bp,x_ns,gate_layer,801,0.4005,0.01095672738549244,0.37923570117816197,0.4221457912308073,972,0.486,0.011175956334918278,0.46414335632114256,0.5079103210027324,1409
pilot,y_only,13,0.065,2000,20260923,600,433,553,414,bp,x_ns,gate_layer,847,0.4235,0.011048704675209669,0.40201186066314715,0.44528144757088445,967,0.4835,0.011174250534152167,0.4616514826351063,0.5054117799251748,1400
pilot,y_only,13,0.07,2000,20260923,587,452,505,456,bp,x_ns,gate_layer,908,0.454,0.011132924144177037,0.43228880058927605,0.4758875677605992,961,0.4805,0.011171834003421283,0.45866195647115976,0.502412808372809,1413
pilot,y_only,13,0.075,2000,20260923,551,473,537,439,bp,x_ns,gate_layer,912,0.456,0.011136965475388708,0.43427706845902697,0.47789163170172316,976,0.488,0.011177119485806708,0.46613724904660636,0.5099087600881436,1449
pilot,y_only,13,0.08,2000,20260923,507,457,524,512,bp,x_ns,gate_layer,969,0.4845,0.011174966442902638,0.4626481664667723,0.5064112619989464,1036,0.518,0.011173092678394824,0.4960876073343329,0.5398433789635421,1493
pilot,y_only,13,0.085,2000,20260923,525,509,495,471,bp,x_ns,gate_layer,980,0.49,0.011178103595869918,0.4681314916764637,0.5119068492691612,966,0.483,0.011173875782377394,0.46115317354684554,0.504912006060717,1475
pilot,y_only,13,0.09,2000,20260923,510,492,509,489,bp,x_ns,gate_layer,981,0.4905,0.011178321653987239,0.46863010699531177,0.5124063169030318,998,0.499,0.011180317526796813,0.47710991149865634,0.5208939225959061,1490
pilot,y_only,13,0.095,2000,20260923,509,452,555,484,bp,x_ns,gate_layer,936,0.468,0.011157419056394719,0.4462140910591975,0.4899085999668026,1039,0.5195,0.011171834003421283,0.4975871916271909,0.5413380435288401,1491
pilot,y_only,13,0.1,2000,20260923,487,484,520,509,bp,x_ns,gate_layer,993,0.4965,0.011180065965816124,0.4746151957501872,0.5183982235807815,1029,0.5145,0.011175637565705145,0.4925893434535915,0.536355062175252,1513
pilot,y_only,15,0.0,2000,20260923,2000,0,0,0,bp,x_ns,gate_layer,0,0.0,0.0,1.0842021724855044e-19,0.001917047281252934,0,0.0,0.0,1.0842021724855044e-19,0.001917047281252934,0
pilot,y_only,15,0.005,2000,20260923,1309,0,691,0,bp,x_ns,gate_layer,0,0.0,0.0,1.0842021724855044e-19,0.001917047281252934,691,0.3455,0.010633196838204398,0.3249733802642623,0.36661898734564474,691
pilot,y_only,15,0.01,2000,20260923,1178,0,820,2,bp,x_ns,gate_layer,2,0.001,0.0007067531393633848,0.0002742789176520342,0.003638934269038394,822,0.411,0.011001795308039502,0.38962749767927923,0.43271373673678365,822
pilot,y_only,15,0.015,2000,20260923,1105,5,887,3,bp,x_ns,gate_layer,8,0.004,0.001411382301150188,0.0020282466069651696,0.007873464296037741,890,0.445,0.011112492969626572,0.42334598288820563,0.46686489231273215,895
pilot,y_only,15,0.02,2000,20260923,1097,18,867,18,bp,x_ns,gate_layer,36,0.018,0.0029728773940409987,0.01302999144428223,0.024818042134845595,885,0.4425,0.01110616382915361,0.420863144587703,0.464357315849641,903
pilot,y_only,15,0.025,2000,20260923,1046,51,862,41,bp,x_ns,gate_layer,92,0.046,0.00468422885862764,0.03765702335931109,0.05608365557206656,903,0.4515,0.011127617669564317,0.42980396372393614,0.47338198986234536,954
pilot,y_only,15,0.03,2000,20260923,943,104,851,102,bp,x_ns,gate_layer,206,0.103,0.0067967271535644275,0.09043075871520886,0.11709137682610593,953,0.4765,0.01116798437498907,0.45467714809372733,0.4984129531284914,1057
pilot,y_only,15,0.035,2000,20260923,864,174,799,163,bp,x_ns,gate_layer,337,0.1685,0.00836981929315084,0.15273437185402736,0.1855366304934433,962,0.481,0.01117226476592817,0.45916015609633803,0.5029126917003495,1136
pilot,y_only,15,0.04,2000,20260923,781,250,761,208,bp,x_ns,gate_layer,458,0.229,0.009395717109406818,0.21111457885251378,0.24792446077392527,969,0.4845,0.011174966442902638,0.4626481664667723,0.5064112619989464,1219
pilot,y_only,15,0.045,2000,20260923,706,315,691,288,bp,x_ns,gate_layer,603,0.3015,0.010261524009619624,0.28178400059937686,0.32197706717128044,979,0.4895,0.011177874350698346,0.4676328982207936,0.5114073597721125,1294
pilot,y_only,15,0.05,2000,20260923,687,321,659,333,bp,x_ns,gate_layer,654,0.327,0.010489780741273862,0.306789095701304,0.34787420265800945,992,0.496,0.011179982110898032,0.47411631815405725,0.5178990182241926,1313
pilot,y_only,15,0.055,2000,20260923,644,361,608,387,bp,x_ns,gate_layer,748,0.374,0.010819519397829092,0.35305463871866954,0.39542845719620606,995,0.4975,0.011180200132376878,0.4756130164970905,0.5193965687393156,1356
pilot,y_only,15,0.06,2000,20260923,616,446,554,384,bp,x_ns,gate_layer,830,0.415,0.011017599557072311,0.39358894368635533,0.43673695435145754,938,0.469,0.011158830583891844,0.44720941543097464,0.49090944150046284,1384
pilot,y_only,15,0.065,2000,20260923,580,437,558,425,bp,x_ns,gate_layer,862,0.431,0.011073368954387819,0.40944928165334044,0.4528152708714724,983,0.4915,0.01117872421164419,0.46962740321749985,0.5134051865862813,1420
pilot,y_only,15,0.07,2000,20260923,560,434,562,444,bp,x_ns,gate_layer,878,0.439,0.011096823869918815,0.41738810737257864,0.46084577239573415,1006,0.503,0.011180138639569724,0.4811025929143192,0.5248859048019933,1440
pilot,y_only,15,0.075,2000,20260923,508,481,529,482,bp,x_ns,gate_layer,963,0.4815,0.01117268432383194,0.45965837761892475,0.5034125531304815,1011,0.5055,0.011179663456473097,0.48359872896094624,0.5273801835189598,1492
pilot,y_only,15,0.08,2000,20260923,551,477,500,472,bp,x_ns,gate_layer,949,0.4745,0.011165790388503629,0.45268526995346203,0.4964124994578817,972,0.486,0.011175956334918278,0.46414335632114256,0.5079103210027324,1449
pilot,y_only,15,0.085,2000,20260923,514,513,481,492,bp,x_ns,gate_layer,1005,0.5025,0.01118020013237688,0.48060343126068417,0.5243869835029094,973,0.4865,0.011176263910627739,0.4646417966932955,0.5084099635832983,1486
pilot,y_only,15,0.09,2000,20260923,498,485,547,470,bp,x_ns,gate_layer,955,0.4775,0.011169014056755413,0.45567321871188077,0.49941304841577544,1017,0.5085,0.01117872421164419,0.4865948134137185,0.5303725967825,1502
pilot,y_only,15,0.095,2000,20260923,501,463,518,518,bp,x_ns,gate_layer,981,0.4905,0.011178321653987239,0.46863010699531177,0.5124063169030318,1036,0.518,0.011173092678394824,0.4960876073343329,0.5398433789635421,1499
pilot,y_only,15,0.1,2000,20260923,489,495,526,490,bp,x_ns,gate_layer,985,0.4925,0.011179082028503056,0.47062478687792897,0.5144039688312897,1016,0.508,0.011178908712392278,0.48609541136198264,0.5298739158815173,1511
production,hadamard,9,0.046,50000,20260923,29211,1232,18725,832,bp,x_ns,gate_layer,2064,0.04128,0.0008896736660146798,0.03957122293221097,0.043059257812420614,19557,0.39114,0.0021824275493129205,0.38687103971862513,0.3954256862446216,20789
production,hadamard,9,0.048,50000,20260923,28852,1390,18887,871,bp,x_ns,gate_layer,2261,0.04522,0.0009292486384170816,0.04343337869980839,0.04707649667742294,19758,0.39516,0.0021863603289485473,0.3908830236850165,0.3994530846191061,21148
production,hadamard,9,0.05,50000,20260923,28363,1578,19008,1051,bp,x_ns,gate_layer,2629,0.05258,0.0009981517279452057,0.050657804036184174,0.05457094050245174,20059,0.40118,0.002191960800744393,0.39689158576902817,0.40548359758287367,21637
production,hadamard,9,0.052,50000,20260923,28254,1660,18954,1132,bp,x_ns,gate_layer,2792,0.05584,0.0010268582609104335,0.053861304683747904,0.057886938967140575,20086,0.40172,0.002192446312227508,0.39743059281057014,0.40602450757219577,21746
production,hadamard,9,0.054,50000,20260923,28059,1848,18817,1276,bp,x_ns,gate_layer,3124,0.06248,0.0010823700808873093,0.060392020563885,0.06463520287392281,20093,0.40186,0.0021925717338322137,0.3975703362621892,0.40616474261005986,21941
production,hadamard,9,0.056,50000,20260923,27343,2123,19012,1522,bp,x_ns,gate_layer,3645,0.0729,0.0011626314119272713,0.07065394683543484,0.07521167560533983,20534,0.41068,0.002200099714103886,0.40637490583160135,0.41499881787809184,22657
production,hadamard,9,0.058,50000,20260923,27228,2271,18936,1565,bp,x_ns,gate_layer,3836,0.07672,0.0011902440220391782,0.07441954531649658,0.07908549019446359,20501,0.41002,0.0021995617727174656,0.40571601075786523,0.41433781435854977,22772
production,hadamard,9,0.06,50000,20260923,26711,2553,18993,1743,bp,x_ns,gate_layer,4296,0.08592,0.0012532976789254818,0.08349528104787857,0.08840834091483735,20736,0.41472,0.002203303526979431,0.41040831683889967,0.4190447861387384,23289
production,hadamard,9,0.062,50000,20260923,26275,2731,19037,1957,bp,x_ns,gate_layer,4688,0.09376,0.001303603178885354,0.09123610094811595,0.09634631642566137,20994,0.41988,0.0022071736932103916,0.4155603359266656,0.42421197423478324,23725
production,hadamard,9,0.064,50000,20260923,26199,2894,18805,2102,bp,x_ns,gate_layer,4996,0.09992,0.0013411636261098047,0.09732202433406481,0.10257944657697504,20907,0.41814,0.0022058963729060348,0.41382297280987956,0.42246960469656336,23801
production,hadamard,9,0.066,50000,20260923,25715,3099,18924,2262,bp,x_ns,gate_layer,5361,0.10722,0.0013836464259340245,0.10453821377949507,0.10996213551174225,21186,0.42372,0.002209893036325514,0.4193947117300307,0.4280570084286727,24285
production,hadamard,11,0.046,50000,20260923,27942,1063,20228,767,bp,x_ns,gate_layer,1830,0.0366,0.0008397671105729255,0.034989364866780934,0.03828183494369665,20995,0.4199,0.0022071882112769635,0.4155803059386203,0.4242320011498977,22058
production,hadamard,11,0.048,50000,20260923,27465,1193,20417,925,bp,x_ns,gate_layer,2118,0.04236,0.0009007289314771676,0.04062947889674592,0.044160835909613526,21342,0.42684,0.002212001873416928,0.42251033927657966,0.4311809015048931,22535
production,hadamard,11,0.05,50000,20260923,27025,1368,20516,1091,bp,x_ns,gate_layer,2459,0.04918,0.0009670711204456475,0.04731896531005949,0.05111030162684061,21607,0.43214,0.0022153781636551355,0.42780331547366485,0.4364871109811021,22975
production,hadamard,11,0.052,50000,20260923,26774,1593,20417,1216,bp,x_ns,gate_layer,2809,0.05618,0.001029794227989262,0.054195525661018776,0.058232665750043294,21633,0.43266,0.0022156954862976998,0.428322653656724,0.43700769290183766,23226
production,hadamard,11,0.054,50000,20260923,26425,1831,20356,1388,bp,x_ns,gate_layer,3219,0.06438,0.0010975902295483502,0.06226205076961892,0.06656488073974719,21744,0.43488,0.0022170222624051388,0.43053988297710843,0.43923012248611604,23575
production,hadamard,11,0.056,50000,20260923,26189,1990,20260,1561,bp,x_ns,gate_layer,3551,0.07102,0.0011487050065182097,0.06880138049489341,0.07330453080139203,21821,0.43642,0.0022179160651386244,0.43207801305109983,0.44077175579644035,23811
production,hadamard,11,0.058,50000,20260923,25788,2213,20232,1767,bp,x_ns,gate_layer,3980,0.0796,0.001210486183316439,0.07725965849383133,0.08200493451506978,21999,0.43998,0.002219899095004095,0.4356338533433163,0.444335368522512,24212
production,hadamard,11,0.06,50000,20260923,25439,2429,20197,1935,bp,x_ns,gate_layer,4364,0.08728,0.0012622377081992124,0.084837657905828,0.08978575509758221,22132,0.44264,0.0022213051586848667,0.43829089347827443,0.4469979196877353,24561
production,hadamard,11,0.062,50000,20260923,24856,2812,20179,2153,bp,x_ns,gate_layer,4965,0.0993,0.0013374566161188182,0.09670933623458992,0.10195222993730986,22332,0.44664,0.0022232980474961067,0.44228668064684484,0.4510015179329717,25144
production,hadamard,11,0.064,50000,20260923,24932,2916,19801,2351,bp,x_ns,gate_layer,5267,0.10534,0.001372905564123039,0.10267940616422008,0.10806123198252804,22152,0.44304,0.0022215110101010075,0.4386904593343001,0.4473982923730903,25068
production,hadamard,11,0.066,50000,20260923,24204,3099,20125,2572,bp,x_ns,gate_layer,5671,0.11342,0.0014181389466480356,0.1106701451864687,0.11622925149616925,22697,0.45394,0.0022265600211986204,0.4495797272251562,0.4583073497348579,25796
production,hadamard,13,0.046,50000,20260923,26599,940,21705,756,bp,x_ns,gate_layer,1696,0.03392,0.0008095607895643168,0.03236875278816899,0.035542858795058016,22461,0.44922,0.0022245061995867757,0.44486411478207327,0.45358368738964877,23401
production,hadamard,13,0.048,50000,20260923,26432,1126,21557,885,bp,x_ns,gate_layer,2011,0.04022,0.0008786620692848872,0.038532879739337736,0.04197776387063504,22442,0.44884,0.0022243320543480012,0.4444844852538449,0.4532033753035656,23568
production,hadamard,13,0.05,50000,20260923,26236,1301,21364,1099,bp,x_ns,gate_layer,2400,0.048,0.0009559916317625379,0.04616076518230745,0.04990868305751962,22463,0.44926,0.0022245244543497382,0.4449040759346015,0.45362372009125856,23764
production,hadamard,13,0.052,50000,20260923,25891,1499,21340,1270,bp,x_ns,gate_layer,2769,0.05538,0.0010228690590686571,0.05340915668445358,0.057419157643847106,22610,0.4522,0.0022258264083256808,0.44784129858628385,0.4565660457187243,24109
production,hadamard,13,0.054,50000,20260923,25252,1805,21451,1492,bp,x_ns,gate_layer,3297,0.06594,0.0011098821234707765,0.06379784490406627,0.06814884691668448,22943,0.45886,0.002228486034957365,0.454495574773155,0.46323074624584154,24748
production,hadamard,13,0.056,50000,20260923,25186,1989,21170,1655,bp,x_ns,gate_layer,3644,0.07288,0.0011624844566702815,0.07063423633586337,0.07519138917784225,22825,0.4565,0.002227589504374628,0.45213751304076466,0.46086917058408583,24814
production,hadamard,13,0.058,50000,20260923,24879,2220,21122,1779,bp,x_ns,gate_layer,3999,0.07998,0.0012131215899488393,0.07763446507114663,0.08239006955206613,22901,0.45802,0.0022281727024627152,0.4536562533541791,0.462390196727918,25121
production,hadamard,13,0.06,50000,20260923,24367,2505,20960,2168,bp,x_ns,gate_layer,4673,0.09346,0.0013017313732103103,0.09093979196982167,0.09604267149792013,23128,0.46256,0.0022297903327443145,0.4581927344455427,0.46693301808122517,25633
production,hadamard,13,0.062,50000,20260923,24088,2691,20845,2376,bp,x_ns,gate_layer,5067,0.10134,0.0013495940456300184,0.09872539494873313,0.10401585778420815,23221,0.46442,0.0022303993525824026,0.4600513980350985,0.4687940687090895,25912
production,hadamard,13,0.064,50000,20260923,23819,2999,20657,2525,bp,x_ns,gate_layer,5524,0.11048,0.001401956986501369,0.10776208160610684,0.11325776679738306,23182,0.46364,0.002230147754746308,0.45927195102302726,0.46801363556546843,26181
production,hadamard,13,0.066,50000,20260923,23402,3277,20429,2892,bp,x_ns,gate_layer,6169,0.12338,0.0014707642611921192,0.12052625372560036,0.12629161263741662,23321,0.46642,0.00223101942438877,0.46205002921041083,0.47079513024068065,26598
production,hadamard,15,0.046,50000,20260923,26054,911,22285,750,bp,x_ns,gate_layer,1661,0.03322,0.0008014540735438308,0.031684689514099536,0.03482702962171127,23035,0.4607,0.002229150107103602,0.4563341320111485,0.46507190629819917,23946
production,hadamard,15,0.048,50000,20260923,25850,1046,22195,909,bp,x_ns,gate_layer,1955,0.0391,0.0008668470453315279,0.03743611518686895,0.04083470050723791,23104,0.46208,0.00222962810172459,0.4577130892509602,0.46645273702615087,24150
production,hadamard,15,0.05,50000,20260923,25546,1228,22111,1115,bp,x_ns,gate_layer,2343,0.04686,0.0009451363965058164,0.04504212247551937,0.04874750092137275,23226,0.46452,0.0022304312121202035,0.46015132791643215,0.46889412346310105,24454
production,hadamard,15,0.052,50000,20260923,25121,1480,22069,1330,bp,x_ns,gate_layer,2810,0.0562,0.001029966601400259,0.054215186365989154,0.05825300197214195,23399,0.46798,0.002231478073385441,0.46360901053432424,0.47235590922815196,24879
production,hadamard,15,0.054,50000,20260923,24815,1694,22023,1468,bp,x_ns,gate_layer,3162,0.06324,0.0010884916389205753,0.06113996702205133,0.06540713964437983,23491,0.46982,0.002231990894246659,0.46544786418505296,0.47419677286777434,25185
production,hadamard,15,0.056,50000,20260923,24400,1938,21943,1719,bp,x_ns,gate_layer,3657,0.07314,0.0011643928924551198,0.07089047671437657,0.0754551088512265,23662,0.47324,0.0022328631950927938,0.4688658919684385,0.4776182196131937,25600
production,hadamard,15,0.058,50000,20260923,24158,2253,21581,2008,bp,x_ns,gate_layer,4261,0.08522,0.0012486596942321796,0.08280442329338154,0.0876993062219182,23589,0.47178,0.0022325036689779484,0.4674067087073735,0.47615762719821914,25842
production,hadamard,15,0.06,50000,20260923,23775,2556,21478,2191,bp,x_ns,gate_layer,4747,0.09494,0.0013109263625391014,0.09240165983590957,0.09754057623494077,23669,0.47338,0.0022328966639770863,0.46900581562293847,0.4777582744481769,26225
production,hadamard,15,0.062,50000,20260923,23404,2814,21213,2569,bp,x_ns,gate_layer,5383,0.10766,0.0013861408615288707,0.10497329183841923,0.11040698984833687,23782,0.47564,0.002233412592424427,0.47126463091778836,0.48001911191212787,26596
production,hadamard,15,0.064,50000,20260923,23101,3045,21097,2757,bp,x_ns,gate_layer,5802,0.11604,0.0014323038672013702,0.11326218593288517,0.11887680819579624,23854,0.47708,0.0022337174109542147,0.4727039229278287,0.48145959865105803,26899
production,hadamard,15,0.066,50000,20260923,22928,3312,20640,3120,bp,x_ns,gate_layer,6432,0.12864,0.001497275862358036,0.12573389637481508,0.13160316180735787,23760,0.4752,0.002233315741224245,0.4708248545230015,0.479578955911396,27072
production,y_only,9,0.018,50000,20260923,31085,553,17980,382,bp,x_ns,gate_layer,935,0.0187,0.0006058103663688829,0.01754907856087837,0.019924871522813612,18362,0.36724,0.002155805104363565,0.363025048689725,0.37147534942602584,18915
production,y_only,9,0.02,50000,20260923,30392,718,18323,567,bp,x_ns,gate_layer,1285,0.0257,0.0007076653163749089,0.02434901347327778,0.027123861084576165,18890,0.3778,0.002168258102717479,0.3735598328855199,0.3820589427226811,19608
production,y_only,9,0.022,50000,20260923,29628,972,18622,778,bp,x_ns,gate_layer,1750,0.035,0.0008218880702382777,0.03342451762006119,0.03664692802489366,19400,0.388,0.002179247576573162,0.3837375128452664,0.39227969556814196,20372
production,y_only,9,0.024,50000,20260923,28785,1269,18900,1046,bp,x_ns,gate_layer,2315,0.0463,0.0009397479449299158,0.04449272357327104,0.04817698586568814,19946,0.39892,0.0021898987812225476,0.39463580040145313,0.40321973019164786,21215
production,y_only,9,0.026,50000,20260923,28158,1705,18837,1300,bp,x_ns,gate_layer,3005,0.0601,0.001062901594692566,0.05805035163519038,0.06221723748140239,20137,0.40274,0.002193355841627163,0.39844873201410524,0.4070462116491813,21842
production,y_only,9,0.028,50000,20260923,27571,1960,18924,1545,bp,x_ns,gate_layer,3505,0.0701,0.001141805500074334,0.06789497093786612,0.07237108171324375,20469,0.40938,0.002199036223439714,0.405077089862387,0.41369683358781895,22429
production,y_only,9,0.03,50000,20260923,26641,2479,19031,1849,bp,x_ns,gate_layer,4328,0.08656,0.0012575163330947237,0.08412696511336759,0.08905655851555741,20880,0.4176,0.002205494230325711,0.4132838023877576,0.4219288580878215,23359
production,y_only,9,0.032,50000,20260923,26201,2904,18668,2227,bp,x_ns,gate_layer,5131,0.10262,0.0013571229538991668,0.09999054290663971,0.10531051315871977,20895,0.4179,0.00220571797834628,0.41358334085371573,0.42222927352789874,23799
production,y_only,9,0.034,50000,20260923,25286,3316,18659,2739,bp,x_ns,gate_layer,6055,0.1211,0.0014590050719582848,0.11826947263693073,0.12398874404021633,21398,0.42796,0.002212736940533149,0.42362881269664676,0.43230225600069194,24714
production,y_only,9,0.036,50000,20260923,24605,3709,18594,3092,bp,x_ns,gate_layer,6801,0.13602,0.0015330920363761597,0.13304314227345335,0.13905278199719326,21686,0.43372,0.002216334638992948,0.42938131965301873,0.43806886404020184,25395
production,y_only,9,0.038,50000,20260923,24009,4171,18342,3478,bp,x_ns,gate_layer,7649,0.15298,0.0016098268204996463,0.1498514651939055,0.1561618532312821,21820,0.4364,0.0022179045966858,0.43205803706271545,0.4407517348577557,25991
production,y_only,11,0.018,50000,20260923,29502,454,19689,355,bp,x_ns,gate_layer,809,0.01618,0.0005642376733257006,0.015110701134086184,0.017323636138907486,20044,0.40088,0.0021916898758720404,0.39659213975698226,0.40518308968888417,20498
production,y_only,11,0.02,50000,20260923,28781,625,20125,469,bp,x_ns,gate_layer,1094,0.02188,0.0006542364343263068,0.02063397416451708,0.023199487323151337,20594,0.41188,0.0022010673120102437,0.4075729174075262,0.416200621926309,21219
production,y_only,11,0.022,50000,20260923,28064,930,20284,722,bp,x_ns,gate_layer,1652,0.03304,0.0007993542193545988,0.03150881743142938,0.03464292936076011,21006,0.42012,0.002207347664505979,0.41579997655124196,0.4244522967350353,21936
production,y_only,11,0.024,50000,20260923,27496,1199,20348,957,bp,x_ns,gate_layer,2156,0.04312,0.0009084125230312492,0.04137436563884569,0.04493583239613704,21305,0.4261,0.0022115098462362768,0.421771360369412,0.4304399941105065,22504
production,y_only,11,0.026,50000,20260923,26721,1617,20385,1277,bp,x_ns,gate_layer,2894,0.05788,0.001044317055304566,0.05586693811165518,0.059960992100274786,21662,0.43324,0.0022160464904870565,0.4289019212234143,0.4375883362201495,23279
production,y_only,11,0.028,50000,20260923,26108,2103,20099,1690,bp,x_ns,gate_layer,3793,0.07586,0.0011841052351881567,0.07357164062206471,0.078213527024927,21789,0.43578,0.0022175472558662646,0.431438784987129,0.4401310821942021,23892
production,y_only,11,0.03,50000,20260923,25495,2494,19988,2023,bp,x_ns,gate_layer,4517,0.09034,0.001282019378948696,0.08785865904370226,0.09288428380127021,22011,0.44022,0.0022200286106264485,0.43587358108916857,0.44457560390148815,24505
production,y_only,11,0.032,50000,20260923,24708,2975,19789,2528,bp,x_ns,gate_layer,5503,0.11006,0.0013996199226933002,0.10734669363260835,0.11283321930243184,22317,0.44634,0.002223153635716614,0.44198698670297226,0.4507012579708089,25292
production,y_only,11,0.034,50000,20260923,23990,3420,19590,3000,bp,x_ns,gate_layer,6420,0.1284,0.0014960844895927502,0.1254962494805497,0.1313608455767948,22590,0.4518,0.002225653881446978,0.4474416674229758,0.4561657383406516,26010
production,y_only,11,0.036,50000,20260923,23323,4054,19227,3396,bp,x_ns,gate_layer,7450,0.149,0.0015924760594746784,0.1459057726573227,0.15214815728112704,22623,0.45246,0.0022259377727151313,0.4481010603672688,0.45682624398963667,26677
production,y_only,11,0.038,50000,20260923,22511,4585,18940,3964,bp,x_ns,gate_layer,8549,0.17098,0.0016837211146742798,0.16770527360720877,0.17430527918010957,22904,0.45808,0.0022281952948518674,0.4537162044696282,0.46245023639367605,27489
production,y_only,13,0.018,50000,20260923,28090,354,21280,276,bp,x_ns,gate_layer,630,0.0126,0.0004988234156492657,0.011659088503774702,0.013615798823861843,21556,0.43112,0.0022147484985884968,0.42678462781114307,0.435465955363103,21910
production,y_only,13,0.02,50000,20260923,27492,577,21480,451,bp,x_ns,gate_layer,1028,0.02056,0.0006346225082677103,0.019352497436358095,0.02184116686475406,21931,0.43862,0.0022191552248547195,0.43427541561282884,0.4429740152123051,22508
production,y_only,13,0.022,50000,20260923,27013,835,21496,656,bp,x_ns,gate_layer,1491,0.02982,0.000760667701430789,0.028364859220436273,0.03134738231363872,22152,0.44304,0.0022215110101010075,0.4386904593343001,0.4473982923730903,22987
production,y_only,13,0.024,50000,20260923,26564,1143,21299,994,bp,x_ns,gate_layer,2137,0.04274,0.0009045804817704172,0.04100190316275102,0.044548353257920066,22293,0.44586,0.00222292087308568,0.4415074797317415,0.4502208386923828,23436
production,y_only,13,0.026,50000,20260923,25706,1574,21406,1314,bp,x_ns,gate_layer,2888,0.05776,0.0010433003632703288,0.0557489395059673,0.059839009143548456,22720,0.4544,0.002226749379701272,0.45003932079349257,0.45876768548910946,24294
production,y_only,13,0.028,50000,20260923,25361,1988,20943,1708,bp,x_ns,gate_layer,3696,0.07392,0.0011700925912080634,0.07165924802057495,0.07624621770072045,22651,0.45302,0.002226175552825967,0.44866055135964633,0.45738666695519214,24639
production,y_only,13,0.03,50000,20260923,24468,2523,20799,2210,bp,x_ns,gate_layer,4733,0.09466,0.0013091942896300763,0.09212507550631473,0.09725720358556912,23009,0.46018,0.002228965534053858,0.45581453367400737,0.46455158453154544,25532
production,y_only,13,0.032,50000,20260923,23648,3069,20612,2671,bp,x_ns,gate_layer,5740,0.1148,0.0014256294048594817,0.11203536066431981,0.1176238239860815,23283,0.46566,0.002230788041925992,0.461290541045054,0.4700347351774142,26352
production,y_only,13,0.034,50000,20260923,22888,3558,20214,3340,bp,x_ns,gate_layer,6898,0.13796,0.0015422518497314245,0.13496504316933366,0.14101058302700925,23554,0.47108,0.002232324499708768,0.4667071136084702,0.4754573298497062,27112
production,y_only,13,0.036,50000,20260923,22129,4318,19701,3852,bp,x_ns,gate_layer,8170,0.1634,0.0016534838372357923,0.1601851112615663,0.1666666061665881,23553,0.47106,0.0022323193158685878,0.46668712530390366,0.4754373212272037,27871
production,y_only,13,0.038,50000,20260923,21550,4844,19131,4475,bp,x_ns,gate_layer,9319,0.18638,0.00174150794198591,0.1829908465472245,0.18981734008325016,23606,0.47212,0.0022325891050526962,0.46774651515514704,0.47649776851061915,28450
production,y_only,15,0.018,50000,20260923,27414,252,22099,235,bp,x_ns,gate_layer,487,0.00974,0.0004392068396553041,0.00891604328773843,0.010639283469026225,22334,0.44668,0.0022233172405214693,0.4423266399606269,0.45104155247332783,22586
production,y_only,15,0.02,50000,20260923,26879,486,22275,360,bp,x_ns,gate_layer,846,0.01692,0.0005767792229267625,0.015826079681320784,0.018088143893227153,22635,0.4527,0.002226040026594311,0.44834084153892667,0.4570664259428073,23121
production,y_only,15,0.022,50000,20260923,26054,750,22549,647,bp,x_ns,gate_layer,1397,0.02794,0.0007370122984048503,0.026531347949179027,0.029421182440406746,23196,0.46392,0.002230238702919488,0.45955175127794357,0.4682937922895186,23946
production,y_only,15,0.024,50000,20260923,25790,1146,22125,939,bp,x_ns,gate_layer,2085,0.0417,0.0008939922818458782,0.03998272902836748,0.04348768718471383,23064,0.46128,0.002229353097201069,0.4569136896463086,0.4656522595480412,24210
production,y_only,15,0.026,50000,20260923,25083,1505,21996,1416,bp,x_ns,gate_layer,2921,0.05842,0.0010488765761518368,0.05639796238346615,0.06050988485932774,23412,0.46824,0.0022315523852242413,0.46386884492855157,0.472616034885822,24917
production,y_only,15,0.028,50000,20260923,24261,1997,21939,1803,bp,x_ns,gate_layer,3800,0.076,0.0011851075900524812,0.07370966570712018,0.07835548042935478,23742,0.47484,0.002233235206600505,0.47046504000613815,0.47921882574101665,25739
production,y_only,15,0.03,50000,20260923,23682,2492,21452,2374,bp,x_ns,gate_layer,4866,0.09732,0.0013255098460592438,0.0947528992486,0.0999489711434654,23826,0.47652,0.002233601081661629,0.4721441939237939,0.4808994136971598,26318
production,y_only,15,0.032,50000,20260923,23018,3194,20836,2952,bp,x_ns,gate_layer,6146,0.12292,0.0014684050776267426,0.12007091221275752,0.12582702482767166,23788,0.47576,0.002233438704777904,0.47138457052562527,0.4801391538667052,26982
production,y_only,15,0.034,50000,20260923,22198,3820,20368,3614,bp,x_ns,gate_layer,7434,0.14868,0.001591064157097381,0.14558856409625104,0.1518254150090942,23982,0.47964,0.0022342133756649116,0.4752627542993612,0.48402037394436187,27802
production,y_only,15,0.036,50000,20260923,21537,4529,19776,4158,bp,x_ns,gate_layer,8687,0.17374,0.0016944285904103484,0.17044407833303532,0.1770860503898098,23934,0.47868,0.00223403427726613,0.47430317903564245,0.48306009670876693,28463
production,y_only,15,0.038,50000,20260923,20511,5105,19361,5023,bp,x_ns,gate_layer,10128,0.20256,0.001797383912245795,0.19906010378955408,0.20610559683976926,24384,0.48768,0.0022353890829115187,0.4832998325620135,0.49206206036346134,29489
