panel,kind,halfwidth,status,window,degree,distances,points,parameters,theta_internal,coefficients,p_c,nu,p_c_covariance_se,nu_covariance_se,chi_square,degrees_of_freedom,reduced_chi_square,goodness_of_fit_p,start_objective_range,jacobian_condition
y_only/x,window,0.004,fitted,"[0.024, 0.032]",2,"[9, 11, 13, 15]",20,5,"[2.626363827880687, 1.5842745542824996, 0.060031227414101496, 0.07388946262830871, 0.021163935932607396]","[0.060031227414101496, 1.6264906314492127, 10.254973776758135]",0.026263638278806872,1.5842745542824996,0.00030620901607241276,0.1471057971367317,14.531251817770004,15,0.968750121184667,0.48567818099280624,2.842170943040401e-14,594.8092794422192
y_only/x,window,0.006,fitted,"[0.022, 0.034]",2,"[9, 11, 13, 15]",28,5,"[2.621390020389936, 1.6114701313964572, 0.059667360721977515, 0.07338653568786398, 0.021334130227907505]","[0.059667360721977515, 1.6572145123083981, 10.879266712717895]",0.026213900203899358,1.6114701313964572,0.0002484473034911119,0.0902430338030439,17.2345295766943,23,0.7493273728997522,0.7975861856455562,3.197442310920451e-14,453.65818066225626
y_only/x,window,0.008,fitted,"[0.02, 0.036]",2,"[9, 11, 13, 15]",36,5,"[2.6050916167742257, 1.6249640426549845, 0.058509797867402916, 0.07210617256889891, 0.020694740445665345]","[0.058509797867402916, 1.6485465910883679, 10.817266962229365]",0.026050916167742258,1.6249640426549845,0.0002164861322264536,0.062416729368836917,27.645598293773265,31,0.8917934933475247,0.6393964380814898,4.440892098500626e-14,393.72210646649785
y_only/x,window,0.01,fitted,"[0.018, 0.038]",2,"[9, 11, 13, 15]",44,5,"[2.6068852623554446, 1.6021713455494633, 0.058498852718127346, 0.07083573880049118, 0.021058278085532997]","[0.058498852718127346, 1.585857253468387, 10.554707118644954]",0.026068852623554448,1.6021713455494633,0.0001948163563087732,0.04573457788238259,59.882655202810284,39,1.535452697507956,0.01734712967325027,1.4566126083082054e-13,389.50048324050664
y_only/x,window,0.004,fitted,"[0.024, 0.032]",3,"[9, 11, 13, 15]",20,6,"[2.618208277514192, 1.6739441798415617, 0.05971174446525256, 0.07287669617253954, 0.012913125945333559, 0.01536324740517583]","[0.05971174446525256, 1.7396807297718166, 7.358565175036555, 208.9900718490577]",0.026182082775141922,1.6739441798415617,0.0003230528108849241,0.17815363393558056,13.520909989368523,14,0.9657792849548945,0.48597808225861205,2.4868995751603507e-14,721.9705234190809
y_only/x,window,0.006,fitted,"[0.022, 0.034]",3,"[9, 11, 13, 15]",28,6,"[2.622209195847115, 1.6028769999720447, 0.05970671485254964, 0.07357592185805249, 0.02162629400414977, -0.0006795660214692878]","[0.05970671485254964, 1.6482896429175313, 10.853698112236096, -7.640558554934728]",0.026222091958471153,1.6028769999720447,0.0002511638824719714,0.10167732644603177,17.202220970644134,22,0.7819191350292788,0.7521030421586173,3.907985046680551e-14,511.38825078760476
y_only/x,window,0.008,fitted,"[0.02, 0.036]",3,"[9, 11, 13, 15]",36,6,"[2.611631883638691, 1.562395363690799, 0.058912676292202794, 0.07363586801771112, 0.021601327381478654, -0.002754724006463705]","[0.058912676292202794, 1.5869142356621533, 10.0324852481645, -27.57212444842232]",0.02611631883638691,1.562395363690799,0.00021261433011102594,0.06740512219444306,23.738064611908083,30,0.7912688203969361,0.7837439906876341,6.394884621840902e-14,425.7739247944148
y_only/x,window,0.01,fitted,"[0.018, 0.038]",3,"[9, 11, 13, 15]",44,6,"[2.616714417364576, 1.4909616882836703, 0.059342768499515516, 0.07371317594634329, 0.021417099609766614, -0.0032398253336979282]","[0.059342768499515516, 1.4759602816671158, 8.586570725536236, -26.008196598509386]",0.026167144173645764,1.4909616882836703,0.00018521135983294468,0.047091251862662525,31.36376454640058,38,0.8253622249052784,0.7682058903818177,1.1368683772161603e-13,416.5087143885225
y_only/x,distance,,fitted,"[0.022, 0.034]",2,"[11, 13, 15]",21,5,"[2.6143946298879737, 1.5818253411716838, 0.05908749701819727, 0.07286431050296974, 0.021206462072079928]","[0.05908749701819727, 1.600170065706429, 10.227530527978384]",0.026143946298879738,1.5818253411716838,0.00039655957992545254,0.1404283568158006,11.481586267679505,16,0.7175991417299691,0.7788299642136692,3.552713678800501e-14,615.9976762282056
y_only/x,distance,,fitted,"[0.022, 0.034]",2,"[9, 11, 13]",21,5,"[2.6416202094319576, 1.6498547324028618, 0.06118470433911015, 0.07432421360946892, 0.020642408084609293]","[0.06118470433911015, 1.7375114259997606, 11.281193597598609]",0.026416202094319576,1.6498547324028618,0.0003777114207009627,0.14351535345080121,14.403683681430097,16,0.9002302300893811,0.5686675749296657,4.529709940470639e-14,620.0000846079575
hadamard/x,window,0.004,fitted,"[0.052, 0.06]",2,"[9, 11, 13, 15]",20,5,"[5.293373007065095, 1.8034256533904158, 0.059622705749867465, 0.03704903570821127, 0.005863124244038545]","[0.059622705749867465, 0.9802218759018885, 4.104157895756851]",0.05293373007065095,1.8034256533904158,0.0008607913966111734,0.3858519290361879,19.398787114714732,15,1.2932524743143154,0.19622811915379346,1.9539925233402755e-13,1612.6240552210688
hadamard/x,window,0.006,fitted,"[0.05, 0.062]",2,"[9, 11, 13, 15]",28,5,"[5.367549504690508, 1.575067879013075, 0.06254189301323176, 0.03742429243039496, 0.0064484998602033]","[0.06254189301323176, 0.8165454972083279, 3.0698155046034343]",0.05367549504690509,1.575067879013075,0.0005152091363478746,0.17415612601198102,24.978022156223943,23,1.0860009633140846,0.35141952463771947,3.375077994860476e-14,852.7617296107956
hadamard/x,window,0.008,fitted,"[0.048, 0.064]",2,"[9, 11, 13, 15]",36,5,"[5.352536183117569, 1.5643858815353036, 0.06224445374407205, 0.037731532687162964, 0.004127407951006058]","[0.06224445374407205, 0.8147354059865654, 1.9244280668610694]",0.05352536183117569,1.5643858815353036,0.00042057441352696105,0.11693723242783051,32.036702569282156,31,1.0334420183639406,0.4149678618437296,7.815970093361102e-14,674.2857940979616
hadamard/x,window,0.01,fitted,"[0.046, 0.066]",2,"[9, 11, 13, 15]",44,5,"[5.3578090067614506, 1.5152201216968955, 0.0624461846158301, 0.037049092173097424, 0.004510350932773321]","[0.0624461846158301, 0.7611837691762203, 1.9038565864640922]",0.053578090067614506,1.5152201216968955,0.0003662527706206074,0.08187171855261889,43.45037894610473,39,1.114112280669352,0.28746426146410825,3.907985046680551e-14,557.5867893212715
hadamard/x,window,0.004,fitted,"[0.052, 0.06]",3,"[9, 11, 13, 15]",20,6,"[5.257616277746348, 2.0528455318160304, 0.05839143264784703, 0.04123316962855704, -0.014303165915055205, 0.018742444711063344]","[0.05839143264784703, 1.2821960752257837, -13.83081019741811, 563.5719974669604]",0.052576162777463485,2.0528455318160304,0.0009510820724382758,0.4789204229700816,17.882329614339152,14,1.2773092581670824,0.21219282113880872,2.078337502098293e-13,2041.667645325918
hadamard/x,window,0.006,fitted,"[0.05, 0.062]",3,"[9, 11, 13, 15]",28,6,"[5.363609178490439, 1.613182499377344, 0.062482509849384825, 0.03716039936551309, 0.005286079337642812, 0.001669256823005163]","[0.062482509849384825, 0.8404825187846958, 2.704147030891074, 19.313816316729532]",0.05363609178490439,1.613182499377344,0.0005330029141798826,0.20076152938072633,24.781588274956494,22,1.1264358306798405,0.30763312799869347,2.398081733190338e-13,991.1179062104949
hadamard/x,window,0.008,fitted,"[0.048, 0.064]",3,"[9, 11, 13, 15]",36,6,"[5.359903963433804, 1.499208534153658, 0.062382896411953125, 0.03833813404805212, 0.005179880267951467, -0.0015876953485671474]","[0.062382896411953125, 0.7744665503150273, 2.1137961776348733, -13.088270223495751]",0.05359903963433804,1.499208534153658,0.0004141347431152187,0.12595071093942836,30.801971016269214,30,1.0267323672089739,0.4251887239087972,5.1514348342607263e-14,743.2093922842822
hadamard/x,window,0.01,fitted,"[0.046, 0.066]",3,"[9, 11, 13, 15]",44,6,"[5.369338595118194, 1.4227008722916208, 0.06272098629809157, 0.03810329329936425, 0.0053346244506774524, -0.0014871529184708222]","[0.06272098629809157, 0.7062844284821449, 1.8328971104877503, -9.47124303333942]",0.05369338595118194,1.4227008722916208,0.0003533388717941834,0.0865348959408004,38.48672613713396,38,1.0128085825561568,0.44746040583802216,3.552713678800501e-14,620.7969669105255
hadamard/x,distance,,fitted,"[0.05, 0.062]",2,"[11, 13, 15]",21,5,"[5.325964328826371, 1.571635078233026, 0.06082787275912001, 0.03703879098530336, 0.006032531203985989]","[0.06082787275912001, 0.8054515894448124, 2.8527575185019045]",0.053259643288263714,1.571635078233026,0.0008643452215669555,0.27858589888051105,14.28024739576444,16,0.8925154622352774,0.5778446751644659,7.105427357601002e-14,1210.841757946981
hadamard/x,distance,,fitted,"[0.05, 0.062]",2,"[9, 11, 13]",21,5,"[5.376887260139053, 1.6679273961035825, 0.0629030817261784, 0.037581835740192346, 0.006150957789080889]","[0.0629030817261784, 0.8925132471766325, 3.4690943237932292]",0.05376887260139054,1.6679273961035825,0.0008220147646303673,0.2963002129038381,21.770349698755176,16,1.3606468561721985,0.15076262360582182,5.861977570020827e-14,1246.6125740827467
