construction,error_channel,logical_observable,distance,p_x,p_z,shots,master_seed,series_seed,logical_failures,logical_failure_rate,logical_failure_standard_error,logical_state,boundary_orientation,clock
as,x_only,logical_x,9,0.0,0.0,50000,1235,2626298694903912375,0,0.0,0.0,plus,x_ns,gate_layer
as,x_only,logical_x,9,0.002,0.0,50000,1235,2626298694903912375,6045,0.1209,0.0014579656374551493,plus,x_ns,gate_layer
as,x_only,logical_x,9,0.004,0.0,50000,1235,2626298694903912375,10128,0.20256,0.001797383912245795,plus,x_ns,gate_layer
as,x_only,logical_x,9,0.006,0.0,50000,1235,2626298694903912375,12498,0.24996,0.001936388382530736,plus,x_ns,gate_layer
as,x_only,logical_x,9,0.008,0.0,50000,1235,2626298694903912375,14236,0.28472,0.0020181898899756683,plus,x_ns,gate_layer
as,x_only,logical_x,9,0.01,0.0,50000,1235,2626298694903912375,15433,0.30866,0.002065860616789042,plus,x_ns,gate_layer
as,x_only,logical_x,9,0.012,0.0,50000,1235,2626298694903912375,16363,0.32726,0.002098384580576211,plus,x_ns,gate_layer
as,x_only,logical_x,9,0.014,0.0,50000,1235,2626298694903912375,17206,0.34412,0.002124624322556814,plus,x_ns,gate_layer
as,x_only,logical_x,9,0.016,0.0,50000,1235,2626298694903912375,17814,0.35628,0.0021417028813539942,plus,x_ns,gate_layer
as,x_only,logical_x,9,0.018,0.0,50000,1235,2626298694903912375,18471,0.36942,0.0021584664166949645,plus,x_ns,gate_layer
as,x_only,logical_x,9,0.02,0.0,50000,1235,2626298694903912375,18784,0.37568,0.0021658464285355043,plus,x_ns,gate_layer
as,x_only,logical_x,9,0.022,0.0,50000,1235,2626298694903912375,19454,0.38908,0.00218035205230715,plus,x_ns,gate_layer
as,x_only,logical_x,9,0.024,0.0,50000,1235,2626298694903912375,19713,0.39426,0.0021854933191387247,plus,x_ns,gate_layer
as,x_only,logical_x,9,0.026,0.0,50000,1235,2626298694903912375,20074,0.40148,0.002192230871053503,plus,x_ns,gate_layer
as,x_only,logical_x,9,0.028,0.0,50000,1235,2626298694903912375,20540,0.4108,0.002200197082081512,plus,x_ns,gate_layer
as,x_only,logical_x,9,0.03,0.0,50000,1235,2626298694903912375,20782,0.41564,0.002204011753144706,plus,x_ns,gate_layer
as,x_only,logical_x,9,0.032,0.0,50000,1235,2626298694903912375,21077,0.42154,0.0022083660403112524,plus,x_ns,gate_layer
as,x_only,logical_x,9,0.034,0.0,50000,1235,2626298694903912375,21497,0.42994,0.0022140081138062708,plus,x_ns,gate_layer
as,x_only,logical_x,9,0.036,0.0,50000,1235,2626298694903912375,21559,0.43118,0.002214785802735786,plus,x_ns,gate_layer
as,x_only,logical_x,9,0.038,0.0,50000,1235,2626298694903912375,21876,0.43752,0.0022185411855541472,plus,x_ns,gate_layer
as,x_only,logical_x,9,0.04,0.0,50000,1235,2626298694903912375,21885,0.4377,0.002218642422744143,plus,x_ns,gate_layer
as,x_only,logical_x,9,0.042,0.0,50000,1235,2626298694903912375,22312,0.44624,0.002223105316443645,plus,x_ns,gate_layer
as,x_only,logical_x,9,0.044,0.0,50000,1235,2626298694903912375,22461,0.44922,0.0022245061995867757,plus,x_ns,gate_layer
as,x_only,logical_x,9,0.046,0.0,50000,1235,2626298694903912375,22663,0.45326,0.002226276588386987,plus,x_ns,gate_layer
as,x_only,logical_x,9,0.048,0.0,50000,1235,2626298694903912375,22941,0.45882,0.002228471258957584,plus,x_ns,gate_layer
as,x_only,logical_x,9,0.05,0.0,50000,1235,2626298694903912375,22826,0.45652,0.002227597313699224,plus,x_ns,gate_layer
as,x_only,logical_x,9,0.052,0.0,50000,1235,2626298694903912375,22916,0.45832,0.002228285338999474,plus,x_ns,gate_layer
as,x_only,logical_x,9,0.054,0.0,50000,1235,2626298694903912375,23166,0.46332,0.002230042948465343,plus,x_ns,gate_layer
as,x_only,logical_x,9,0.056,0.0,50000,1235,2626298694903912375,23266,0.46532,0.0022306828443326497,plus,x_ns,gate_layer
as,x_only,logical_x,9,0.058,0.0,50000,1235,2626298694903912375,23564,0.47128,0.0022323761403491124,plus,x_ns,gate_layer
as,x_only,logical_x,9,0.06,0.0,50000,1235,2626298694903912375,23798,0.47596,0.002233481938140535,plus,x_ns,gate_layer
as,x_only,logical_x,9,0.062,0.0,50000,1235,2626298694903912375,23644,0.47288,0.002232776323772715,plus,x_ns,gate_layer
as,x_only,logical_x,9,0.064,0.0,50000,1235,2626298694903912375,23842,0.47684,0.0022336679001140705,plus,x_ns,gate_layer
as,x_only,logical_x,9,0.066,0.0,50000,1235,2626298694903912375,23895,0.4779,0.0022338826737319933,plus,x_ns,gate_layer
as,x_only,logical_x,9,0.068,0.0,50000,1235,2626298694903912375,23870,0.4774,0.0022337826214741665,plus,x_ns,gate_layer
as,x_only,logical_x,9,0.07,0.0,50000,1235,2626298694903912375,24148,0.48296,0.0022347690636842095,plus,x_ns,gate_layer
as,x_only,logical_x,9,0.072,0.0,50000,1235,2626298694903912375,24096,0.48192,0.0022346056188956476,plus,x_ns,gate_layer
as,x_only,logical_x,9,0.074,0.0,50000,1235,2626298694903912375,24321,0.48642,0.0022352430901358355,plus,x_ns,gate_layer
as,x_only,logical_x,9,0.076,0.0,50000,1235,2626298694903912375,24193,0.48386,0.0022349026842348194,plus,x_ns,gate_layer
as,x_only,logical_x,9,0.078,0.0,50000,1235,2626298694903912375,24335,0.4867,0.002235276761387726,plus,x_ns,gate_layer
as,x_only,logical_x,9,0.08,0.0,50000,1235,2626298694903912375,24453,0.48906,0.002235532672094058,plus,x_ns,gate_layer
as,x_only,logical_x,9,0.082,0.0,50000,1235,2626298694903912375,24650,0.493,0.0022358488320993438,plus,x_ns,gate_layer
as,x_only,logical_x,9,0.084,0.0,50000,1235,2626298694903912375,24403,0.48806,0.0022354303227790397,plus,x_ns,gate_layer
as,x_only,logical_x,9,0.086,0.0,50000,1235,2626298694903912375,24420,0.4884,0.0022354661258896322,plus,x_ns,gate_layer
as,x_only,logical_x,9,0.088,0.0,50000,1235,2626298694903912375,24567,0.49134,0.0022357325618239765,plus,x_ns,gate_layer
as,x_only,logical_x,9,0.09,0.0,50000,1235,2626298694903912375,24650,0.493,0.0022358488320993438,plus,x_ns,gate_layer
as,x_only,logical_x,9,0.092,0.0,50000,1235,2626298694903912375,24780,0.4956,0.0022359813952714364,plus,x_ns,gate_layer
as,x_only,logical_x,9,0.094,0.0,50000,1235,2626298694903912375,24806,0.49612,0.002236000651162696,plus,x_ns,gate_layer
as,x_only,logical_x,9,0.096,0.0,50000,1235,2626298694903912375,24676,0.49352,0.002235880182836281,plus,x_ns,gate_layer
as,x_only,logical_x,9,0.098,0.0,50000,1235,2626298694903912375,24593,0.49186,0.00223577163592349,plus,x_ns,gate_layer
as,x_only,logical_x,9,0.1,0.0,50000,1235,2626298694903912375,24821,0.49642,0.0022360106600819237,plus,x_ns,gate_layer
as,x_only,logical_x,11,0.0,0.0,50000,1235,2626298694903912375,0,0.0,0.0,plus,x_ns,gate_layer
as,x_only,logical_x,11,0.002,0.0,50000,1235,2626298694903912375,8594,0.17188,0.0016872300708557799,plus,x_ns,gate_layer
as,x_only,logical_x,11,0.004,0.0,50000,1235,2626298694903912375,12994,0.25988,0.001961338245178531,plus,x_ns,gate_layer
as,x_only,logical_x,11,0.006,0.0,50000,1235,2626298694903912375,15349,0.30698,0.002062732554646869,plus,x_ns,gate_layer
as,x_only,logical_x,11,0.008,0.0,50000,1235,2626298694903912375,16650,0.333,0.0021076574674268114,plus,x_ns,gate_layer
as,x_only,logical_x,11,0.01,0.0,50000,1235,2626298694903912375,17755,0.3551,0.002140112099867668,plus,x_ns,gate_layer
as,x_only,logical_x,11,0.012,0.0,50000,1235,2626298694903912375,18512,0.37024,0.0021594552201886475,plus,x_ns,gate_layer
as,x_only,logical_x,11,0.014,0.0,50000,1235,2626298694903912375,19141,0.38282,0.002173793217396724,plus,x_ns,gate_layer
as,x_only,logical_x,11,0.016,0.0,50000,1235,2626298694903912375,19710,0.3942,0.002185435242691945,plus,x_ns,gate_layer
as,x_only,logical_x,11,0.018,0.0,50000,1235,2626298694903912375,20255,0.4051,0.0021954224650394738,plus,x_ns,gate_layer
as,x_only,logical_x,11,0.02,0.0,50000,1235,2626298694903912375,20550,0.411,0.0022003590616079,plus,x_ns,gate_layer
as,x_only,logical_x,11,0.022,0.0,50000,1235,2626298694903912375,21187,0.42374,0.0022099068414754503,plus,x_ns,gate_layer
as,x_only,logical_x,11,0.024,0.0,50000,1235,2626298694903912375,21111,0.42222,0.0022088470820769823,plus,x_ns,gate_layer
as,x_only,logical_x,11,0.026,0.0,50000,1235,2626298694903912375,21730,0.4346,0.002216857415351741,plus,x_ns,gate_layer
as,x_only,logical_x,11,0.028,0.0,50000,1235,2626298694903912375,21587,0.43174,0.0022151323770826883,plus,x_ns,gate_layer
as,x_only,logical_x,11,0.03,0.0,50000,1235,2626298694903912375,21965,0.4393,0.0022195292744183396,plus,x_ns,gate_layer
as,x_only,logical_x,11,0.032,0.0,50000,1235,2626298694903912375,22286,0.44572,0.0022228525889046264,plus,x_ns,gate_layer
as,x_only,logical_x,11,0.034,0.0,50000,1235,2626298694903912375,22552,0.45104,0.0022253220818569163,plus,x_ns,gate_layer
as,x_only,logical_x,11,0.036,0.0,50000,1235,2626298694903912375,22777,0.45554,0.0022272104004785894,plus,x_ns,gate_layer
as,x_only,logical_x,11,0.038,0.0,50000,1235,2626298694903912375,22916,0.45832,0.002228285338999474,plus,x_ns,gate_layer
as,x_only,logical_x,11,0.04,0.0,50000,1235,2626298694903912375,23052,0.46104,0.002229269469579665,plus,x_ns,gate_layer
as,x_only,logical_x,11,0.042,0.0,50000,1235,2626298694903912375,23507,0.47014,0.0022320769717910716,plus,x_ns,gate_layer
as,x_only,logical_x,11,0.044,0.0,50000,1235,2626298694903912375,23349,0.46698,0.0022311865883426246,plus,x_ns,gate_layer
as,x_only,logical_x,11,0.046,0.0,50000,1235,2626298694903912375,23488,0.46976,0.0022319746521858174,plus,x_ns,gate_layer
as,x_only,logical_x,11,0.048,0.0,50000,1235,2626298694903912375,23854,0.47708,0.0022337174109542147,plus,x_ns,gate_layer
as,x_only,logical_x,11,0.05,0.0,50000,1235,2626298694903912375,23850,0.477,0.0022337009647667703,plus,x_ns,gate_layer
as,x_only,logical_x,11,0.052,0.0,50000,1235,2626298694903912375,23925,0.4785,0.002233999776186202,plus,x_ns,gate_layer
as,x_only,logical_x,11,0.054,0.0,50000,1235,2626298694903912375,24040,0.4808,0.0022344187611099222,plus,x_ns,gate_layer
as,x_only,logical_x,11,0.056,0.0,50000,1235,2626298694903912375,24137,0.48274,0.002234735297076591,plus,x_ns,gate_layer
as,x_only,logical_x,11,0.058,0.0,50000,1235,2626298694903912375,24097,0.48194,0.0022346088534685436,plus,x_ns,gate_layer
as,x_only,logical_x,11,0.06,0.0,50000,1235,2626298694903912375,24221,0.48442,0.0022349821636872182,plus,x_ns,gate_layer
as,x_only,logical_x,11,0.062,0.0,50000,1235,2626298694903912375,24461,0.48922,0.002235548217328358,plus,x_ns,gate_layer
as,x_only,logical_x,11,0.064,0.0,50000,1235,2626298694903912375,24276,0.48552,0.0022351301062801692,plus,x_ns,gate_layer
as,x_only,logical_x,11,0.066,0.0,50000,1235,2626298694903912375,24497,0.48994,0.00223561533542781,plus,x_ns,gate_layer
as,x_only,logical_x,11,0.068,0.0,50000,1235,2626298694903912375,24496,0.48992,0.002235613533685999,plus,x_ns,gate_layer
as,x_only,logical_x,11,0.07,0.0,50000,1235,2626298694903912375,24547,0.49094,0.002235700858343978,plus,x_ns,gate_layer
as,x_only,logical_x,11,0.072,0.0,50000,1235,2626298694903912375,24591,0.49182,0.0022357687161242775,plus,x_ns,gate_layer
as,x_only,logical_x,11,0.074,0.0,50000,1235,2626298694903912375,24639,0.49278,0.0022358348400541577,plus,x_ns,gate_layer
as,x_only,logical_x,11,0.076,0.0,50000,1235,2626298694903912375,24921,0.49842,0.002236056813231721,plus,x_ns,gate_layer
as,x_only,logical_x,11,0.078,0.0,50000,1235,2626298694903912375,24797,0.49594,0.002235994259384402,plus,x_ns,gate_layer
as,x_only,logical_x,11,0.08,0.0,50000,1235,2626298694903912375,24966,0.49932,0.002236065909583168,plus,x_ns,gate_layer
as,x_only,logical_x,11,0.082,0.0,50000,1235,2626298694903912375,24857,0.49714,0.0022360313969173153,plus,x_ns,gate_layer
as,x_only,logical_x,11,0.084,0.0,50000,1235,2626298694903912375,24803,0.49606,0.0022359985527723404,plus,x_ns,gate_layer
as,x_only,logical_x,11,0.086,0.0,50000,1235,2626298694903912375,24913,0.49826,0.002236054437619979,plus,x_ns,gate_layer
as,x_only,logical_x,11,0.088,0.0,50000,1235,2626298694903912375,24952,0.49904,0.0022360638559754953,plus,x_ns,gate_layer
as,x_only,logical_x,11,0.09,0.0,50000,1235,2626298694903912375,24756,0.49512,0.0022359614737289192,plus,x_ns,gate_layer
as,x_only,logical_x,11,0.092,0.0,50000,1235,2626298694903912375,24726,0.49452,0.0022359336734348806,plus,x_ns,gate_layer
as,x_only,logical_x,11,0.094,0.0,50000,1235,2626298694903912375,25004,0.50008,0.0022360679488781193,plus,x_ns,gate_layer
as,x_only,logical_x,11,0.096,0.0,50000,1235,2626298694903912375,24848,0.49696,0.0022360266474261885,plus,x_ns,gate_layer
as,x_only,logical_x,11,0.098,0.0,50000,1235,2626298694903912375,24824,0.49648,0.0022360125652598644,plus,x_ns,gate_layer
as,x_only,logical_x,11,0.1,0.0,50000,1235,2626298694903912375,24937,0.49874,0.0022360608775254757,plus,x_ns,gate_layer
as,x_only,logical_x,13,0.0,0.0,50000,1235,2626298694903912375,0,0.0,0.0,plus,x_ns,gate_layer
as,x_only,logical_x,13,0.002,0.0,50000,1235,2626298694903912375,10891,0.21782,0.0018459385016841704,plus,x_ns,gate_layer
as,x_only,logical_x,13,0.004,0.0,50000,1235,2626298694903912375,15197,0.30394,0.0020569904054224463,plus,x_ns,gate_layer
as,x_only,logical_x,13,0.006,0.0,50000,1235,2626298694903912375,17122,0.34244,0.002122144417328849,plus,x_ns,gate_layer
as,x_only,logical_x,13,0.008,0.0,50000,1235,2626298694903912375,18478,0.36956,0.0021586357098871503,plus,x_ns,gate_layer
as,x_only,logical_x,13,0.01,0.0,50000,1235,2626298694903912375,19503,0.39006,0.0021813445229949347,plus,x_ns,gate_layer
as,x_only,logical_x,13,0.012,0.0,50000,1235,2626298694903912375,20101,0.40202,0.002192714845117805,plus,x_ns,gate_layer
as,x_only,logical_x,13,0.014,0.0,50000,1235,2626298694903912375,20508,0.41016,0.0021996762234474418,plus,x_ns,gate_layer
as,x_only,logical_x,13,0.016,0.0,50000,1235,2626298694903912375,21084,0.42168,0.002208465429206443,plus,x_ns,gate_layer
as,x_only,logical_x,13,0.018,0.0,50000,1235,2626298694903912375,21455,0.4291,0.002213473243569933,plus,x_ns,gate_layer
as,x_only,logical_x,13,0.02,0.0,50000,1235,2626298694903912375,21556,0.43112,0.0022147484985884968,plus,x_ns,gate_layer
as,x_only,logical_x,13,0.022,0.0,50000,1235,2626298694903912375,22089,0.44178,0.0022208576343385905,plus,x_ns,gate_layer
as,x_only,logical_x,13,0.024,0.0,50000,1235,2626298694903912375,22411,0.44822,0.0022240451056577066,plus,x_ns,gate_layer
as,x_only,logical_x,13,0.026,0.0,50000,1235,2626298694903912375,22708,0.45416,0.002226650823097326,plus,x_ns,gate_layer
as,x_only,logical_x,13,0.028,0.0,50000,1235,2626298694903912375,22784,0.45568,0.002227266205912531,plus,x_ns,gate_layer
as,x_only,logical_x,13,0.03,0.0,50000,1235,2626298694903912375,22932,0.45864,0.002228404588040511,plus,x_ns,gate_layer
as,x_only,logical_x,13,0.032,0.0,50000,1235,2626298694903912375,23370,0.4674,0.0022313101084340562,plus,x_ns,gate_layer
as,x_only,logical_x,13,0.034,0.0,50000,1235,2626298694903912375,23508,0.47016,0.0022320823210625544,plus,x_ns,gate_layer
as,x_only,logical_x,13,0.036,0.0,50000,1235,2626298694903912375,23695,0.4739,0.002233019435652095,plus,x_ns,gate_layer
as,x_only,logical_x,13,0.038,0.0,50000,1235,2626298694903912375,23837,0.47674,0.002233647118056028,plus,x_ns,gate_layer
as,x_only,logical_x,13,0.04,0.0,50000,1235,2626298694903912375,23870,0.4774,0.0022337826214741665,plus,x_ns,gate_layer
as,x_only,logical_x,13,0.042,0.0,50000,1235,2626298694903912375,24013,0.48026,0.002234324651432732,plus,x_ns,gate_layer
as,x_only,logical_x,13,0.044,0.0,50000,1235,2626298694903912375,24233,0.48466,0.0022350153663901287,plus,x_ns,gate_layer
as,x_only,logical_x,13,0.046,0.0,50000,1235,2626298694903912375,24135,0.4827,0.002234729111100493,plus,x_ns,gate_layer
as,x_only,logical_x,13,0.048,0.0,50000,1235,2626298694903912375,24197,0.48394,0.002234914210434038,plus,x_ns,gate_layer
as,x_only,logical_x,13,0.05,0.0,50000,1235,2626298694903912375,24284,0.48568,0.002235150722434619,plus,x_ns,gate_layer
as,x_only,logical_x,13,0.052,0.0,50000,1235,2626298694903912375,24178,0.48356,0.0022348589503590603,plus,x_ns,gate_layer
as,x_only,logical_x,13,0.054,0.0,50000,1235,2626298694903912375,24462,0.48924,0.0022355501443716264,plus,x_ns,gate_layer
as,x_only,logical_x,13,0.056,0.0,50000,1235,2626298694903912375,24510,0.4902,0.0022356384323051885,plus,x_ns,gate_layer
as,x_only,logical_x,13,0.058,0.0,50000,1235,2626298694903912375,24394,0.48788,0.0022354109492440087,plus,x_ns,gate_layer
as,x_only,logical_x,13,0.06,0.0,50000,1235,2626298694903912375,24642,0.49284,0.0022358386990120735,plus,x_ns,gate_layer
as,x_only,logical_x,13,0.062,0.0,50000,1235,2626298694903912375,24683,0.49366,0.0022358882100856473,plus,x_ns,gate_layer
as,x_only,logical_x,13,0.064,0.0,50000,1235,2626298694903912375,24815,0.4963,0.0022360067531203925,plus,x_ns,gate_layer
as,x_only,logical_x,13,0.066,0.0,50000,1235,2626298694903912375,24592,0.49184,0.002235770177813453,plus,x_ns,gate_layer
as,x_only,logical_x,13,0.068,0.0,50000,1235,2626298694903912375,24700,0.494,0.0022359069748091043,plus,x_ns,gate_layer
as,x_only,logical_x,13,0.07,0.0,50000,1235,2626298694903912375,24738,0.49476,0.0022359451800077748,plus,x_ns,gate_layer
as,x_only,logical_x,13,0.072,0.0,50000,1235,2626298694903912375,24829,0.49658,0.0022360156689969772,plus,x_ns,gate_layer
as,x_only,logical_x,13,0.074,0.0,50000,1235,2626298694903912375,24939,0.49878,0.002236061321162727,plus,x_ns,gate_layer
as,x_only,logical_x,13,0.076,0.0,50000,1235,2626298694903912375,24850,0.497,0.002236027727913945,plus,x_ns,gate_layer
as,x_only,logical_x,13,0.078,0.0,50000,1235,2626298694903912375,24954,0.49908,0.0022360641922807138,plus,x_ns,gate_layer
as,x_only,logical_x,13,0.08,0.0,50000,1235,2626298694903912375,24833,0.49666,0.0022360180875833718,plus,x_ns,gate_layer
as,x_only,logical_x,13,0.082,0.0,50000,1235,2626298694903912375,24814,0.49628,0.002236006089437146,plus,x_ns,gate_layer
as,x_only,logical_x,13,0.084,0.0,50000,1235,2626298694903912375,25029,0.50058,0.002236066473072748,plus,x_ns,gate_layer
as,x_only,logical_x,13,0.086,0.0,50000,1235,2626298694903912375,24950,0.499,0.0022360635053593624,plus,x_ns,gate_layer
as,x_only,logical_x,13,0.088,0.0,50000,1235,2626298694903912375,24814,0.49628,0.002236006089437146,plus,x_ns,gate_layer
as,x_only,logical_x,13,0.09,0.0,50000,1235,2626298694903912375,24807,0.49614,0.0022360013434700792,plus,x_ns,gate_layer
as,x_only,logical_x,13,0.092,0.0,50000,1235,2626298694903912375,25009,0.50018,0.00223606783260258,plus,x_ns,gate_layer
as,x_only,logical_x,13,0.094,0.0,50000,1235,2626298694903912375,24862,0.49724,0.0022360339102974265,plus,x_ns,gate_layer
as,x_only,logical_x,13,0.096,0.0,50000,1235,2626298694903912375,24874,0.49748,0.0022360395774672684,plus,x_ns,gate_layer
as,x_only,logical_x,13,0.098,0.0,50000,1235,2626298694903912375,25039,0.50078,0.0022360652566506193,plus,x_ns,gate_layer
as,x_only,logical_x,13,0.1,0.0,50000,1235,2626298694903912375,25041,0.50082,0.0022360649704335515,plus,x_ns,gate_layer
as,x_only,logical_x,15,0.0,0.0,50000,1235,2626298694903912375,0,0.0,0.0,plus,x_ns,gate_layer
as,x_only,logical_x,15,0.002,0.0,50000,1235,2626298694903912375,12970,0.2594,0.001960161421924225,plus,x_ns,gate_layer
as,x_only,logical_x,15,0.004,0.0,50000,1235,2626298694903912375,16944,0.33888,0.00211679165531235,plus,x_ns,gate_layer
as,x_only,logical_x,15,0.006,0.0,50000,1235,2626298694903912375,18912,0.37824,0.0021687531090467628,plus,x_ns,gate_layer
as,x_only,logical_x,15,0.008,0.0,50000,1235,2626298694903912375,19831,0.39662,0.0021877503312764004,plus,x_ns,gate_layer
as,x_only,logical_x,15,0.01,0.0,50000,1235,2626298694903912375,20365,0.4073,0.0021973015723837272,plus,x_ns,gate_layer
as,x_only,logical_x,15,0.012,0.0,50000,1235,2626298694903912375,21217,0.42434,0.002210319272865348,plus,x_ns,gate_layer
as,x_only,logical_x,15,0.014,0.0,50000,1235,2626298694903912375,21669,0.43338,0.0022161307524602423,plus,x_ns,gate_layer
as,x_only,logical_x,15,0.016,0.0,50000,1235,2626298694903912375,22162,0.44324,0.0022216133885084506,plus,x_ns,gate_layer
as,x_only,logical_x,15,0.018,0.0,50000,1235,2626298694903912375,22366,0.44732,0.002223622349231092,plus,x_ns,gate_layer
as,x_only,logical_x,15,0.02,0.0,50000,1235,2626298694903912375,22689,0.45378,0.00222649370805309,plus,x_ns,gate_layer
as,x_only,logical_x,15,0.022,0.0,50000,1235,2626298694903912375,23164,0.46328,0.0022300297827607595,plus,x_ns,gate_layer
as,x_only,logical_x,15,0.024,0.0,50000,1235,2626298694903912375,23234,0.46468,0.00223048199992737,plus,x_ns,gate_layer
as,x_only,logical_x,15,0.026,0.0,50000,1235,2626298694903912375,23352,0.46704,0.0022312043312973377,plus,x_ns,gate_layer
as,x_only,logical_x,15,0.028,0.0,50000,1235,2626298694903912375,23419,0.46838,0.0022315921473244167,plus,x_ns,gate_layer
as,x_only,logical_x,15,0.03,0.0,50000,1235,2626298694903912375,23640,0.4728,0.0022327568609232847,plus,x_ns,gate_layer
as,x_only,logical_x,15,0.032,0.0,50000,1235,2626298694903912375,23661,0.47322,0.0022328583994512506,plus,x_ns,gate_layer
as,x_only,logical_x,15,0.034,0.0,50000,1235,2626298694903912375,23909,0.47818,0.0022339377233933804,plus,x_ns,gate_layer
as,x_only,logical_x,15,0.036,0.0,50000,1235,2626298694903912375,23847,0.47694,0.0022336885924407637,plus,x_ns,gate_layer
as,x_only,logical_x,15,0.038,0.0,50000,1235,2626298694903912375,24172,0.48344,0.0022348412310497583,plus,x_ns,gate_layer
as,x_only,logical_x,15,0.04,0.0,50000,1235,2626298694903912375,24305,0.4861,0.0022352037491020814,plus,x_ns,gate_layer
as,x_only,logical_x,15,0.042,0.0,50000,1235,2626298694903912375,24518,0.49036,0.0022356523450662003,plus,x_ns,gate_layer
as,x_only,logical_x,15,0.044,0.0,50000,1235,2626298694903912375,24363,0.48726,0.0022353419979949376,plus,x_ns,gate_layer
as,x_only,logical_x,15,0.046,0.0,50000,1235,2626298694903912375,24721,0.49442,0.0022359287269499446,plus,x_ns,gate_layer
as,x_only,logical_x,15,0.048,0.0,50000,1235,2626298694903912375,24381,0.48762,0.0022353824531833474,plus,x_ns,gate_layer
as,x_only,logical_x,15,0.05,0.0,50000,1235,2626298694903912375,24484,0.48968,0.0022355916335502777,plus,x_ns,gate_layer
as,x_only,logical_x,15,0.052,0.0,50000,1235,2626298694903912375,24750,0.495,0.00223595617130569,plus,x_ns,gate_layer
as,x_only,logical_x,15,0.054,0.0,50000,1235,2626298694903912375,24515,0.4903,0.002235647154628834,plus,x_ns,gate_layer
as,x_only,logical_x,15,0.056,0.0,50000,1235,2626298694903912375,24597,0.49194,0.0022357774325723924,plus,x_ns,gate_layer
as,x_only,logical_x,15,0.058,0.0,50000,1235,2626298694903912375,25101,0.50202,0.0022360497293217787,plus,x_ns,gate_layer
as,x_only,logical_x,15,0.06,0.0,50000,1235,2626298694903912375,25034,0.50068,0.002236065909583168,plus,x_ns,gate_layer
as,x_only,logical_x,15,0.062,0.0,50000,1235,2626298694903912375,24909,0.49818,0.0022360531639475834,plus,x_ns,gate_layer
as,x_only,logical_x,15,0.064,0.0,50000,1235,2626298694903912375,25022,0.50044,0.002236067111694101,plus,x_ns,gate_layer
as,x_only,logical_x,15,0.066,0.0,50000,1235,2626298694903912375,24778,0.49556,0.00223597981386237,plus,x_ns,gate_layer
as,x_only,logical_x,15,0.068,0.0,50000,1235,2626298694903912375,24975,0.4995,0.0022360668594655214,plus,x_ns,gate_layer
as,x_only,logical_x,15,0.07,0.0,50000,1235,2626298694903912375,24956,0.49912,0.0022360645142750243,plus,x_ns,gate_layer
as,x_only,logical_x,15,0.072,0.0,50000,1235,2626298694903912375,24974,0.49948,0.0022360667682339006,plus,x_ns,gate_layer
as,x_only,logical_x,15,0.074,0.0,50000,1235,2626298694903912375,24749,0.49498,0.0022359552750446507,plus,x_ns,gate_layer
as,x_only,logical_x,15,0.076,0.0,50000,1235,2626298694903912375,24850,0.497,0.002236027727913945,plus,x_ns,gate_layer
as,x_only,logical_x,15,0.078,0.0,50000,1235,2626298694903912375,24972,0.49944,0.0022360665750375142,plus,x_ns,gate_layer
as,x_only,logical_x,15,0.08,0.0,50000,1235,2626298694903912375,24850,0.497,0.002236027727913945,plus,x_ns,gate_layer
as,x_only,logical_x,15,0.082,0.0,50000,1235,2626298694903912375,24958,0.49916,0.002236064821958433,plus,x_ns,gate_layer
as,x_only,logical_x,15,0.084,0.0,50000,1235,2626298694903912375,25087,0.50174,0.002236054437619979,plus,x_ns,gate_layer
as,x_only,logical_x,15,0.086,0.0,50000,1235,2626298694903912375,24992,0.49984,0.0022360678630131063,plus,x_ns,gate_layer
as,x_only,logical_x,15,0.088,0.0,50000,1235,2626298694903912375,24813,0.49626,0.0022360054221758946,plus,x_ns,gate_layer
as,x_only,logical_x,15,0.09,0.0,50000,1235,2626298694903912375,24944,0.49888,0.0022360623676454107,plus,x_ns,gate_layer
as,x_only,logical_x,15,0.092,0.0,50000,1235,2626298694903912375,25062,0.50124,0.002236061101132972,plus,x_ns,gate_layer
as,x_only,logical_x,15,0.094,0.0,50000,1235,2626298694903912375,24895,0.4979,0.0022360482552932527,plus,x_ns,gate_layer
as,x_only,logical_x,15,0.096,0.0,50000,1235,2626298694903912375,24878,0.49756,0.00223604135203265,plus,x_ns,gate_layer
as,x_only,logical_x,15,0.098,0.0,50000,1235,2626298694903912375,25053,0.50106,0.0022360629526021847,plus,x_ns,gate_layer
as,x_only,logical_x,15,0.1,0.0,50000,1235,2626298694903912375,25010,0.5002,0.0022360677986143444,plus,x_ns,gate_layer
as,z_only,logical_z,9,0.0,0.0,50000,1235,11732160916429613293,0,0.0,0.0,plus,x_ns,gate_layer
as,z_only,logical_z,9,0.0,0.002,50000,1235,11732160916429613293,0,0.0,0.0,plus,x_ns,gate_layer
as,z_only,logical_z,9,0.0,0.004,50000,1235,11732160916429613293,4,8.0e-5,3.999839996799872e-5,plus,x_ns,gate_layer
as,z_only,logical_z,9,0.0,0.006,50000,1235,11732160916429613293,18,0.00036,8.4837538861049e-5,plus,x_ns,gate_layer
as,z_only,logical_z,9,0.0,0.008,50000,1235,11732160916429613293,45,0.0009,0.00013410369122436564,plus,x_ns,gate_layer
as,z_only,logical_z,9,0.0,0.01,50000,1235,11732160916429613293,114,0.00228,0.00021329798873875956,plus,x_ns,gate_layer
as,z_only,logical_z,9,0.0,0.012,50000,1235,11732160916429613293,224,0.00448,0.0002986613332857134,plus,x_ns,gate_layer
as,z_only,logical_z,9,0.0,0.014,50000,1235,11732160916429613293,380,0.0076,0.00038838743543013847,plus,x_ns,gate_layer
as,z_only,logical_z,9,0.0,0.016,50000,1235,11732160916429613293,628,0.01256,0.0004980410906742535,plus,x_ns,gate_layer
as,z_only,logical_z,9,0.0,0.018,50000,1235,11732160916429613293,958,0.01916,0.0006130724981598832,plus,x_ns,gate_layer
as,z_only,logical_z,9,0.0,0.02,50000,1235,11732160916429613293,1373,0.02746,0.0007308344326863644,plus,x_ns,gate_layer
as,z_only,logical_z,9,0.0,0.022,50000,1235,11732160916429613293,1747,0.03494,0.000821208821189836,plus,x_ns,gate_layer
as,z_only,logical_z,9,0.0,0.024,50000,1235,11732160916429613293,2387,0.04774,0.0009535291542475247,plus,x_ns,gate_layer
as,z_only,logical_z,9,0.0,0.026,50000,1235,11732160916429613293,2899,0.05798,0.0010451633326901588,plus,x_ns,gate_layer
as,z_only,logical_z,9,0.0,0.028,50000,1235,11732160916429613293,3662,0.07324,0.0011651257648854908,plus,x_ns,gate_layer
as,z_only,logical_z,9,0.0,0.03,50000,1235,11732160916429613293,4273,0.08546,0.0012502526816607913,plus,x_ns,gate_layer
as,z_only,logical_z,9,0.0,0.032,50000,1235,11732160916429613293,5199,0.10398,0.0013650506188416605,plus,x_ns,gate_layer
as,z_only,logical_z,9,0.0,0.034,50000,1235,11732160916429613293,6138,0.12276,0.0014675829271288217,plus,x_ns,gate_layer
as,z_only,logical_z,9,0.0,0.036,50000,1235,11732160916429613293,6933,0.13866,0.0015455316522155085,plus,x_ns,gate_layer
as,z_only,logical_z,9,0.0,0.038,50000,1235,11732160916429613293,7788,0.15576,0.0016217202126137542,plus,x_ns,gate_layer
as,z_only,logical_z,9,0.0,0.04,50000,1235,11732160916429613293,8524,0.17048,0.0016817643687508663,plus,x_ns,gate_layer
as,z_only,logical_z,9,0.0,0.042,50000,1235,11732160916429613293,9496,0.18992,0.0017541402087632562,plus,x_ns,gate_layer
as,z_only,logical_z,9,0.0,0.044,50000,1235,11732160916429613293,10428,0.20856,0.0018169354771152442,plus,x_ns,gate_layer
as,z_only,logical_z,9,0.0,0.046,50000,1235,11732160916429613293,11260,0.2252,0.0018680736602179262,plus,x_ns,gate_layer
as,z_only,logical_z,9,0.0,0.048,50000,1235,11732160916429613293,12101,0.24202,0.0019154441761638475,plus,x_ns,gate_layer
as,z_only,logical_z,9,0.0,0.05,50000,1235,11732160916429613293,12940,0.2588,0.00195868609021456,plus,x_ns,gate_layer
as,z_only,logical_z,9,0.0,0.052,50000,1235,11732160916429613293,13728,0.27456,0.0019958797879631933,plus,x_ns,gate_layer
as,z_only,logical_z,9,0.0,0.054,50000,1235,11732160916429613293,14774,0.29548,0.0020404488212155676,plus,x_ns,gate_layer
as,z_only,logical_z,9,0.0,0.056,50000,1235,11732160916429613293,15251,0.30502,0.002059042493976266,plus,x_ns,gate_layer
as,z_only,logical_z,9,0.0,0.058,50000,1235,11732160916429613293,15685,0.3137,0.002075053300520254,plus,x_ns,gate_layer
as,z_only,logical_z,9,0.0,0.06,50000,1235,11732160916429613293,16751,0.33502,0.0021108367989970235,plus,x_ns,gate_layer
as,z_only,logical_z,9,0.0,0.062,50000,1235,11732160916429613293,17201,0.34402,0.0021244775338892146,plus,x_ns,gate_layer
as,z_only,logical_z,9,0.0,0.064,50000,1235,11732160916429613293,17953,0.35906,0.0021453946788411683,plus,x_ns,gate_layer
as,z_only,logical_z,9,0.0,0.066,50000,1235,11732160916429613293,18386,0.36772,0.0021563951474625424,plus,x_ns,gate_layer
as,z_only,logical_z,9,0.0,0.068,50000,1235,11732160916429613293,19079,0.38158,0.0021724488652209973,plus,x_ns,gate_layer
as,z_only,logical_z,9,0.0,0.07,50000,1235,11732160916429613293,19667,0.39334,0.0021845990222464167,plus,x_ns,gate_layer
as,z_only,logical_z,9,0.0,0.072,50000,1235,11732160916429613293,19848,0.39696,0.0021880711067056298,plus,x_ns,gate_layer
as,z_only,logical_z,9,0.0,0.074,50000,1235,11732160916429613293,20346,0.40692,0.002196980262087031,plus,x_ns,gate_layer
as,z_only,logical_z,9,0.0,0.076,50000,1235,11732160916429613293,20631,0.41262,0.0022016572648802537,plus,x_ns,gate_layer
as,z_only,logical_z,9,0.0,0.078,50000,1235,11732160916429613293,21307,0.42614,0.0022115365717075538,plus,x_ns,gate_layer
as,z_only,logical_z,9,0.0,0.08,50000,1235,11732160916429613293,21618,0.43236,0.0022155127189885417,plus,x_ns,gate_layer
as,z_only,logical_z,9,0.0,0.082,50000,1235,11732160916429613293,21849,0.43698,0.0022182356935186126,plus,x_ns,gate_layer
as,z_only,logical_z,9,0.0,0.084,50000,1235,11732160916429613293,22079,0.44158,0.0022207525913527605,plus,x_ns,gate_layer
as,z_only,logical_z,9,0.0,0.086,50000,1235,11732160916429613293,22336,0.44672,0.0022233364189883633,plus,x_ns,gate_layer
as,z_only,logical_z,9,0.0,0.088,50000,1235,11732160916429613293,22456,0.44912,0.002224460499087363,plus,x_ns,gate_layer
as,z_only,logical_z,9,0.0,0.09,50000,1235,11732160916429613293,22679,0.45358,0.0022264104904531866,plus,x_ns,gate_layer
as,z_only,logical_z,9,0.0,0.092,50000,1235,11732160916429613293,22974,0.45948,0.0022287132143907614,plus,x_ns,gate_layer
as,z_only,logical_z,9,0.0,0.094,50000,1235,11732160916429613293,23236,0.46472,0.0022304946608319868,plus,x_ns,gate_layer
as,z_only,logical_z,9,0.0,0.096,50000,1235,11732160916429613293,23412,0.46824,0.0022315523852242413,plus,x_ns,gate_layer
as,z_only,logical_z,9,0.0,0.098,50000,1235,11732160916429613293,23447,0.46894,0.00223174943217199,plus,x_ns,gate_layer
as,z_only,logical_z,9,0.0,0.1,50000,1235,11732160916429613293,23645,0.4729,0.0022327811805011254,plus,x_ns,gate_layer
as,z_only,logical_z,11,0.0,0.0,50000,1235,11732160916429613293,0,0.0,0.0,plus,x_ns,gate_layer
as,z_only,logical_z,11,0.0,0.002,50000,1235,11732160916429613293,0,0.0,0.0,plus,x_ns,gate_layer
as,z_only,logical_z,11,0.0,0.004,50000,1235,11732160916429613293,1,2.0e-5,1.999979999899999e-5,plus,x_ns,gate_layer
as,z_only,logical_z,11,0.0,0.006,50000,1235,11732160916429613293,10,0.0002,6.323922833178785e-5,plus,x_ns,gate_layer
as,z_only,logical_z,11,0.0,0.008,50000,1235,11732160916429613293,19,0.00038,8.716141348096644e-5,plus,x_ns,gate_layer
as,z_only,logical_z,11,0.0,0.01,50000,1235,11732160916429613293,70,0.0014,0.00016721483187803648,plus,x_ns,gate_layer
as,z_only,logical_z,11,0.0,0.012,50000,1235,11732160916429613293,121,0.00242,0.00021973363875383303,plus,x_ns,gate_layer
as,z_only,logical_z,11,0.0,0.014,50000,1235,11732160916429613293,278,0.00556,0.000332538310574887,plus,x_ns,gate_layer
as,z_only,logical_z,11,0.0,0.016,50000,1235,11732160916429613293,462,0.00924,0.0004278930333623112,plus,x_ns,gate_layer
as,z_only,logical_z,11,0.0,0.018,50000,1235,11732160916429613293,768,0.01536,0.0005499830979221089,plus,x_ns,gate_layer
as,z_only,logical_z,11,0.0,0.02,50000,1235,11732160916429613293,1161,0.02322,0.0006735106769755027,plus,x_ns,gate_layer
as,z_only,logical_z,11,0.0,0.022,50000,1235,11732160916429613293,1609,0.03218,0.0007892331417268284,plus,x_ns,gate_layer
as,z_only,logical_z,11,0.0,0.024,50000,1235,11732160916429613293,2268,0.04536,0.0009306177561168711,plus,x_ns,gate_layer
as,z_only,logical_z,11,0.0,0.026,50000,1235,11732160916429613293,2865,0.0573,0.0010393912641541681,plus,x_ns,gate_layer
as,z_only,logical_z,11,0.0,0.028,50000,1235,11732160916429613293,3654,0.07308,0.0011639528650250405,plus,x_ns,gate_layer
as,z_only,logical_z,11,0.0,0.03,50000,1235,11732160916429613293,4501,0.09002,0.0012799718715659342,plus,x_ns,gate_layer
as,z_only,logical_z,11,0.0,0.032,50000,1235,11732160916429613293,5501,0.11002,0.0013993970101440119,plus,x_ns,gate_layer
as,z_only,logical_z,11,0.0,0.034,50000,1235,11732160916429613293,6456,0.12912,0.0014996534639709269,plus,x_ns,gate_layer
as,z_only,logical_z,11,0.0,0.036,50000,1235,11732160916429613293,7398,0.14796,0.001587878070885797,plus,x_ns,gate_layer
as,z_only,logical_z,11,0.0,0.038,50000,1235,11732160916429613293,8517,0.17034,0.0016812155388289747,plus,x_ns,gate_layer
as,z_only,logical_z,11,0.0,0.04,50000,1235,11732160916429613293,9524,0.19048,0.001756117135045382,plus,x_ns,gate_layer
as,z_only,logical_z,11,0.0,0.042,50000,1235,11732160916429613293,10458,0.20916,0.0018188573028140498,plus,x_ns,gate_layer
as,z_only,logical_z,11,0.0,0.044,50000,1235,11732160916429613293,11609,0.23218,0.0018882396436893279,plus,x_ns,gate_layer
as,z_only,logical_z,11,0.0,0.046,50000,1235,11732160916429613293,12647,0.25294,0.0019440234381303122,plus,x_ns,gate_layer
as,z_only,logical_z,11,0.0,0.048,50000,1235,11732160916429613293,13683,0.27366,0.0019938415403436653,plus,x_ns,gate_layer
as,z_only,logical_z,11,0.0,0.05,50000,1235,11732160916429613293,14615,0.2923,0.0020340143067343456,plus,x_ns,gate_layer
as,z_only,logical_z,11,0.0,0.052,50000,1235,11732160916429613293,15413,0.30826,0.0020651187491280013,plus,x_ns,gate_layer
as,z_only,logical_z,11,0.0,0.054,50000,1235,11732160916429613293,16294,0.32588,0.0020961022188815126,plus,x_ns,gate_layer
as,z_only,logical_z,11,0.0,0.056,50000,1235,11732160916429613293,17132,0.34264,0.0021224411907047034,plus,x_ns,gate_layer
as,z_only,logical_z,11,0.0,0.058,50000,1235,11732160916429613293,17803,0.35606,0.0021414073708661786,plus,x_ns,gate_layer
as,z_only,logical_z,11,0.0,0.06,50000,1235,11732160916429613293,18524,0.37048,0.0021597433625317615,plus,x_ns,gate_layer
as,z_only,logical_z,11,0.0,0.062,50000,1235,11732160916429613293,19225,0.3845,0.0021755907243780938,plus,x_ns,gate_layer
as,z_only,logical_z,11,0.0,0.064,50000,1235,11732160916429613293,19698,0.39396,0.00218520259198089,plus,x_ns,gate_layer
as,z_only,logical_z,11,0.0,0.066,50000,1235,11732160916429613293,20377,0.40754,0.0021975038038647395,plus,x_ns,gate_layer
as,z_only,logical_z,11,0.0,0.068,50000,1235,11732160916429613293,20818,0.41636,0.0022045605022316807,plus,x_ns,gate_layer
as,z_only,logical_z,11,0.0,0.07,50000,1235,11732160916429613293,21221,0.42442,0.0022103740117907647,plus,x_ns,gate_layer
as,z_only,logical_z,11,0.0,0.072,50000,1235,11732160916429613293,21516,0.43032,0.0022142479427561855,plus,x_ns,gate_layer
as,z_only,logical_z,11,0.0,0.074,50000,1235,11732160916429613293,21853,0.43706,0.002218281120146858,plus,x_ns,gate_layer
as,z_only,logical_z,11,0.0,0.076,50000,1235,11732160916429613293,22239,0.44478,0.0022223894870161713,plus,x_ns,gate_layer
as,z_only,logical_z,11,0.0,0.078,50000,1235,11732160916429613293,22618,0.45236,0.002225895012798223,plus,x_ns,gate_layer
as,z_only,logical_z,11,0.0,0.08,50000,1235,11732160916429613293,22891,0.45782,0.002228097159461409,plus,x_ns,gate_layer
as,z_only,logical_z,11,0.0,0.082,50000,1235,11732160916429613293,23223,0.46446,0.0022304121072124765,plus,x_ns,gate_layer
as,z_only,logical_z,11,0.0,0.084,50000,1235,11732160916429613293,23465,0.4693,0.002231849054035689,plus,x_ns,gate_layer
as,z_only,logical_z,11,0.0,0.086,50000,1235,11732160916429613293,23450,0.469,0.0022317661167783687,plus,x_ns,gate_layer
as,z_only,logical_z,11,0.0,0.088,50000,1235,11732160916429613293,23785,0.4757,0.002233425664758064,plus,x_ns,gate_layer
as,z_only,logical_z,11,0.0,0.09,50000,1235,11732160916429613293,23871,0.47742,0.0022337866666268737,plus,x_ns,gate_layer
as,z_only,logical_z,11,0.0,0.092,50000,1235,11732160916429613293,24017,0.48034,0.0022343387585592295,plus,x_ns,gate_layer
as,z_only,logical_z,11,0.0,0.094,50000,1235,11732160916429613293,23949,0.47898,0.0022340911333246904,plus,x_ns,gate_layer
as,z_only,logical_z,11,0.0,0.096,50000,1235,11732160916429613293,24296,0.48592,0.002235181216814422,plus,x_ns,gate_layer
as,z_only,logical_z,11,0.0,0.098,50000,1235,11732160916429613293,24557,0.49114,0.00223571688905371,plus,x_ns,gate_layer
as,z_only,logical_z,11,0.0,0.1,50000,1235,11732160916429613293,24322,0.48644,0.0022352455185057412,plus,x_ns,gate_layer
as,z_only,logical_z,13,0.0,0.0,50000,1235,11732160916429613293,0,0.0,0.0,plus,x_ns,gate_layer
as,z_only,logical_z,13,0.0,0.002,50000,1235,11732160916429613293,0,0.0,0.0,plus,x_ns,gate_layer
as,z_only,logical_z,13,0.0,0.004,50000,1235,11732160916429613293,0,0.0,0.0,plus,x_ns,gate_layer
as,z_only,logical_z,13,0.0,0.006,50000,1235,11732160916429613293,0,0.0,0.0,plus,x_ns,gate_layer
as,z_only,logical_z,13,0.0,0.008,50000,1235,11732160916429613293,10,0.0002,6.323922833178785e-5,plus,x_ns,gate_layer
as,z_only,logical_z,13,0.0,0.01,50000,1235,11732160916429613293,28,0.00056,0.00010580041587819965,plus,x_ns,gate_layer
as,z_only,logical_z,13,0.0,0.012,50000,1235,11732160916429613293,88,0.00176,0.00018745145504903395,plus,x_ns,gate_layer
as,z_only,logical_z,13,0.0,0.014,50000,1235,11732160916429613293,195,0.0039,0.00027873966348548245,plus,x_ns,gate_layer
as,z_only,logical_z,13,0.0,0.016,50000,1235,11732160916429613293,390,0.0078,0.0003934249610789839,plus,x_ns,gate_layer
as,z_only,logical_z,13,0.0,0.018,50000,1235,11732160916429613293,612,0.01224,0.0004917353434521459,plus,x_ns,gate_layer
as,z_only,logical_z,13,0.0,0.02,50000,1235,11732160916429613293,993,0.01986,0.0006239484017128339,plus,x_ns,gate_layer
as,z_only,logical_z,13,0.0,0.022,50000,1235,11732160916429613293,1476,0.02952,0.0007569487380265588,plus,x_ns,gate_layer
as,z_only,logical_z,13,0.0,0.024,50000,1235,11732160916429613293,2158,0.04316,0.0009088147710067217,plus,x_ns,gate_layer
as,z_only,logical_z,13,0.0,0.026,50000,1235,11732160916429613293,2841,0.05682,0.0010352921095034,plus,x_ns,gate_layer
as,z_only,logical_z,13,0.0,0.028,50000,1235,11732160916429613293,3752,0.07504,0.001178210493927125,plus,x_ns,gate_layer
as,z_only,logical_z,13,0.0,0.03,50000,1235,11732160916429613293,4853,0.09706,0.0013239286717946703,plus,x_ns,gate_layer
as,z_only,logical_z,13,0.0,0.032,50000,1235,11732160916429613293,5749,0.11498,0.0014266015533427685,plus,x_ns,gate_layer
as,z_only,logical_z,13,0.0,0.034,50000,1235,11732160916429613293,6993,0.13986,0.0015511233374557937,plus,x_ns,gate_layer
as,z_only,logical_z,13,0.0,0.036,50000,1235,11732160916429613293,8039,0.16078,0.0016427403422330626,plus,x_ns,gate_layer
as,z_only,logical_z,13,0.0,0.038,50000,1235,11732160916429613293,9332,0.18664,0.0017424437460073136,plus,x_ns,gate_layer
as,z_only,logical_z,13,0.0,0.04,50000,1235,11732160916429613293,10673,0.21346,0.0018324564300413802,plus,x_ns,gate_layer
as,z_only,logical_z,13,0.0,0.042,50000,1235,11732160916429613293,11586,0.23172,0.0018869331816468754,plus,x_ns,gate_layer
as,z_only,logical_z,13,0.0,0.044,50000,1235,11732160916429613293,12734,0.25468,0.0019484255058893065,plus,x_ns,gate_layer
as,z_only,logical_z,13,0.0,0.046,50000,1235,11732160916429613293,13910,0.2782,0.0020040197603816185,plus,x_ns,gate_layer
as,z_only,logical_z,13,0.0,0.048,50000,1235,11732160916429613293,14958,0.29916,0.0020477465390033017,plus,x_ns,gate_layer
as,z_only,logical_z,13,0.0,0.05,50000,1235,11732160916429613293,16178,0.32356,0.0020922185660202904,plus,x_ns,gate_layer
as,z_only,logical_z,13,0.0,0.052,50000,1235,11732160916429613293,16920,0.3384,0.0021160597345065662,plus,x_ns,gate_layer
as,z_only,logical_z,13,0.0,0.054,50000,1235,11732160916429613293,17882,0.35764,0.0021435187444946687,plus,x_ns,gate_layer
as,z_only,logical_z,13,0.0,0.056,50000,1235,11732160916429613293,18428,0.36856,0.0021574221951208344,plus,x_ns,gate_layer
as,z_only,logical_z,13,0.0,0.058,50000,1235,11732160916429613293,19196,0.38392,0.002174973257766633,plus,x_ns,gate_layer
as,z_only,logical_z,13,0.0,0.06,50000,1235,11732160916429613293,19972,0.39944,0.0021903775309293143,plus,x_ns,gate_layer
as,z_only,logical_z,13,0.0,0.062,50000,1235,11732160916429613293,20669,0.41338,0.0022022578214187364,plus,x_ns,gate_layer
as,z_only,logical_z,13,0.0,0.064,50000,1235,11732160916429613293,20955,0.4191,0.00220660458623651,plus,x_ns,gate_layer
as,z_only,logical_z,13,0.0,0.066,50000,1235,11732160916429613293,21613,0.43226,0.00221545161265147,plus,x_ns,gate_layer
as,z_only,logical_z,13,0.0,0.068,50000,1235,11732160916429613293,21823,0.43646,0.0022179389910455156,plus,x_ns,gate_layer
as,z_only,logical_z,13,0.0,0.07,50000,1235,11732160916429613293,22470,0.4494,0.002224588231561068,plus,x_ns,gate_layer
as,z_only,logical_z,13,0.0,0.072,50000,1235,11732160916429613293,22680,0.4536,0.002226418828522612,plus,x_ns,gate_layer
as,z_only,logical_z,13,0.0,0.074,50000,1235,11732160916429613293,22823,0.45646,0.0022275738748692487,plus,x_ns,gate_layer
as,z_only,logical_z,13,0.0,0.076,50000,1235,11732160916429613293,23326,0.46652,0.002231049482194422,plus,x_ns,gate_layer
as,z_only,logical_z,13,0.0,0.078,50000,1235,11732160916429613293,23572,0.47144,0.002232417193985031,plus,x_ns,gate_layer
as,z_only,logical_z,13,0.0,0.08,50000,1235,11732160916429613293,23693,0.47386,0.0022330100778993364,plus,x_ns,gate_layer
as,z_only,logical_z,13,0.0,0.082,50000,1235,11732160916429613293,23775,0.4755,0.0022333819646446506,plus,x_ns,gate_layer
as,z_only,logical_z,13,0.0,0.084,50000,1235,11732160916429613293,24013,0.48026,0.002234324651432732,plus,x_ns,gate_layer
as,z_only,logical_z,13,0.0,0.086,50000,1235,11732160916429613293,24234,0.48468,0.0022350181099937425,plus,x_ns,gate_layer
as,z_only,logical_z,13,0.0,0.088,50000,1235,11732160916429613293,24374,0.48748,0.0022353668584820705,plus,x_ns,gate_layer
as,z_only,logical_z,13,0.0,0.09,50000,1235,11732160916429613293,24506,0.49012,0.002235631390010437,plus,x_ns,gate_layer
as,z_only,logical_z,13,0.0,0.092,50000,1235,11732160916429613293,24213,0.48426,0.0022349597419193037,plus,x_ns,gate_layer
as,z_only,logical_z,13,0.0,0.094,50000,1235,11732160916429613293,24635,0.4927,0.0022358296446733147,plus,x_ns,gate_layer
as,z_only,logical_z,13,0.0,0.096,50000,1235,11732160916429613293,24709,0.49418,0.0022359164903904614,plus,x_ns,gate_layer
as,z_only,logical_z,13,0.0,0.098,50000,1235,11732160916429613293,24613,0.49226,0.002235800046515788,plus,x_ns,gate_layer
as,z_only,logical_z,13,0.0,0.1,50000,1235,11732160916429613293,24795,0.4959,0.0022359927996306247,plus,x_ns,gate_layer
as,z_only,logical_z,15,0.0,0.0,50000,1235,11732160916429613293,0,0.0,0.0,plus,x_ns,gate_layer
as,z_only,logical_z,15,0.0,0.002,50000,1235,11732160916429613293,0,0.0,0.0,plus,x_ns,gate_layer
as,z_only,logical_z,15,0.0,0.004,50000,1235,11732160916429613293,1,2.0e-5,1.999979999899999e-5,plus,x_ns,gate_layer
as,z_only,logical_z,15,0.0,0.006,50000,1235,11732160916429613293,2,4.0e-5,2.8283705556379983e-5,plus,x_ns,gate_layer
as,z_only,logical_z,15,0.0,0.008,50000,1235,11732160916429613293,7,0.00014,5.291132203980543e-5,plus,x_ns,gate_layer
as,z_only,logical_z,15,0.0,0.01,50000,1235,11732160916429613293,18,0.00036,8.4837538861049e-5,plus,x_ns,gate_layer
as,z_only,logical_z,15,0.0,0.012,50000,1235,11732160916429613293,61,0.00122,0.00015610967939240668,plus,x_ns,gate_layer
as,z_only,logical_z,15,0.0,0.014,50000,1235,11732160916429613293,137,0.00274,0.0002337730694498406,plus,x_ns,gate_layer
as,z_only,logical_z,15,0.0,0.016,50000,1235,11732160916429613293,284,0.00568,0.0003360874171997518,plus,x_ns,gate_layer
as,z_only,logical_z,15,0.0,0.018,50000,1235,11732160916429613293,518,0.01036,0.00045282823233539664,plus,x_ns,gate_layer
as,z_only,logical_z,15,0.0,0.02,50000,1235,11732160916429613293,886,0.01772,0.0005900169760269615,plus,x_ns,gate_layer
as,z_only,logical_z,15,0.0,0.022,50000,1235,11732160916429613293,1401,0.02802,0.0007380363080499496,plus,x_ns,gate_layer
as,z_only,logical_z,15,0.0,0.024,50000,1235,11732160916429613293,2025,0.0405,0.0008815866378297712,plus,x_ns,gate_layer
as,z_only,logical_z,15,0.0,0.026,50000,1235,11732160916429613293,2755,0.0551,0.0010204311833729896,plus,x_ns,gate_layer
as,z_only,logical_z,15,0.0,0.028,50000,1235,11732160916429613293,3854,0.07708,0.0011928006841044315,plus,x_ns,gate_layer
as,z_only,logical_z,15,0.0,0.03,50000,1235,11732160916429613293,4895,0.0979,0.0013290266363019216,plus,x_ns,gate_layer
as,z_only,logical_z,15,0.0,0.032,50000,1235,11732160916429613293,6024,0.12048,0.0014557786205326687,plus,x_ns,gate_layer
as,z_only,logical_z,15,0.0,0.034,50000,1235,11732160916429613293,7410,0.1482,0.0015889415344813667,plus,x_ns,gate_layer
as,z_only,logical_z,15,0.0,0.036,50000,1235,11732160916429613293,8652,0.17304,0.0016917278646401731,plus,x_ns,gate_layer
as,z_only,logical_z,15,0.0,0.038,50000,1235,11732160916429613293,10110,0.2022,0.0017961913038426615,plus,x_ns,gate_layer
as,z_only,logical_z,15,0.0,0.04,50000,1235,11732160916429613293,11308,0.22616,0.001870890987738195,plus,x_ns,gate_layer
as,z_only,logical_z,15,0.0,0.042,50000,1235,11732160916429613293,12688,0.25376,0.0019461030928499138,plus,x_ns,gate_layer
as,z_only,logical_z,15,0.0,0.044,50000,1235,11732160916429613293,13999,0.27998,0.0020079402361624214,plus,x_ns,gate_layer
as,z_only,logical_z,15,0.0,0.046,50000,1235,11732160916429613293,15164,0.30328,0.002055729756558483,plus,x_ns,gate_layer
as,z_only,logical_z,15,0.0,0.048,50000,1235,11732160916429613293,16392,0.32784,0.002099337678411932,plus,x_ns,gate_layer
as,z_only,logical_z,15,0.0,0.05,50000,1235,11732160916429613293,17359,0.34718,0.002129065746284036,plus,x_ns,gate_layer
as,z_only,logical_z,15,0.0,0.052,50000,1235,11732160916429613293,18133,0.36266,0.002150059182441265,plus,x_ns,gate_layer
as,z_only,logical_z,15,0.0,0.054,50000,1235,11732160916429613293,18820,0.3764,0.0021666704410223535,plus,x_ns,gate_layer
as,z_only,logical_z,15,0.0,0.056,50000,1235,11732160916429613293,19902,0.39804,0.002189082722968687,plus,x_ns,gate_layer
as,z_only,logical_z,15,0.0,0.058,50000,1235,11732160916429613293,20435,0.4087,0.00219847360684635,plus,x_ns,gate_layer
as,z_only,logical_z,15,0.0,0.06,50000,1235,11732160916429613293,21095,0.4219,0.0022086212441249403,plus,x_ns,gate_layer
as,z_only,logical_z,15,0.0,0.062,50000,1235,11732160916429613293,21661,0.43322,0.0022160344383605596,plus,x_ns,gate_layer
as,z_only,logical_z,15,0.0,0.064,50000,1235,11732160916429613293,22215,0.4443,0.0022221499049344083,plus,x_ns,gate_layer
as,z_only,logical_z,15,0.0,0.066,50000,1235,11732160916429613293,22670,0.4534,0.002226335284722407,plus,x_ns,gate_layer
as,z_only,logical_z,15,0.0,0.068,50000,1235,11732160916429613293,22908,0.45816,0.00222822536741686,plus,x_ns,gate_layer
as,z_only,logical_z,15,0.0,0.07,50000,1235,11732160916429613293,23178,0.46356,0.002230121639731788,plus,x_ns,gate_layer
as,z_only,logical_z,15,0.0,0.072,50000,1235,11732160916429613293,23490,0.4698,0.0022319854838237633,plus,x_ns,gate_layer
as,z_only,logical_z,15,0.0,0.074,50000,1235,11732160916429613293,23801,0.47602,0.0022334948381404424,plus,x_ns,gate_layer
as,z_only,logical_z,15,0.0,0.076,50000,1235,11732160916429613293,23895,0.4779,0.0022338826737319933,plus,x_ns,gate_layer
as,z_only,logical_z,15,0.0,0.078,50000,1235,11732160916429613293,24063,0.48126,0.0022344968668583987,plus,x_ns,gate_layer
as,z_only,logical_z,15,0.0,0.08,50000,1235,11732160916429613293,23923,0.47846,0.0022339920698158265,plus,x_ns,gate_layer
as,z_only,logical_z,15,0.0,0.082,50000,1235,11732160916429613293,24243,0.48486,0.002235042641203966,plus,x_ns,gate_layer
as,z_only,logical_z,15,0.0,0.084,50000,1235,11732160916429613293,24425,0.4885,0.0022354764592811085,plus,x_ns,gate_layer
as,z_only,logical_z,15,0.0,0.086,50000,1235,11732160916429613293,24598,0.49196,0.002235778872786842,plus,x_ns,gate_layer
as,z_only,logical_z,15,0.0,0.088,50000,1235,11732160916429613293,24541,0.49082,0.0022356910681039987,plus,x_ns,gate_layer
as,z_only,logical_z,15,0.0,0.09,50000,1235,11732160916429613293,24783,0.49566,0.0022359837405491125,plus,x_ns,gate_layer
as,z_only,logical_z,15,0.0,0.092,50000,1235,11732160916429613293,24876,0.49752,0.0022360404719056408,plus,x_ns,gate_layer
as,z_only,logical_z,15,0.0,0.094,50000,1235,11732160916429613293,24985,0.4997,0.0022360675750075173,plus,x_ns,gate_layer
as,z_only,logical_z,15,0.0,0.096,50000,1235,11732160916429613293,24949,0.49898,0.0022360633246847014,plus,x_ns,gate_layer
as,z_only,logical_z,15,0.0,0.098,50000,1235,11732160916429613293,24857,0.49714,0.0022360313969173153,plus,x_ns,gate_layer
as,z_only,logical_z,15,0.0,0.1,50000,1235,11732160916429613293,24572,0.49144,0.0022357402639841687,plus,x_ns,gate_layer
bp,x_only,logical_x,9,0.0,0.0,50000,1235,7689069064664434298,0,0.0,0.0,zero,x_ns,gate_layer
bp,x_only,logical_x,9,0.002,0.0,50000,1235,7689069064664434298,0,0.0,0.0,zero,x_ns,gate_layer
bp,x_only,logical_x,9,0.004,0.0,50000,1235,7689069064664434298,8,0.00016,5.6564016830490393e-5,zero,x_ns,gate_layer
bp,x_only,logical_x,9,0.006,0.0,50000,1235,7689069064664434298,28,0.00056,0.00010580041587819965,zero,x_ns,gate_layer
bp,x_only,logical_x,9,0.008,0.0,50000,1235,7689069064664434298,62,0.00124,0.0001573824894961317,zero,x_ns,gate_layer
bp,x_only,logical_x,9,0.01,0.0,50000,1235,7689069064664434298,117,0.00234,0.00021607981858563283,zero,x_ns,gate_layer
bp,x_only,logical_x,9,0.012,0.0,50000,1235,7689069064664434298,228,0.00456,0.0003013040457743639,zero,x_ns,gate_layer
bp,x_only,logical_x,9,0.014,0.0,50000,1235,7689069064664434298,416,0.00832,0.0004062210629694132,zero,x_ns,gate_layer
bp,x_only,logical_x,9,0.016,0.0,50000,1235,7689069064664434298,663,0.01326,0.0005115500444726791,zero,x_ns,gate_layer
bp,x_only,logical_x,9,0.018,0.0,50000,1235,7689069064664434298,980,0.0196,0.0006199328995947868,zero,x_ns,gate_layer
bp,x_only,logical_x,9,0.02,0.0,50000,1235,7689069064664434298,1327,0.02654,0.000718827217069582,zero,x_ns,gate_layer
bp,x_only,logical_x,9,0.022,0.0,50000,1235,7689069064664434298,1765,0.0353,0.0008252746209595931,zero,x_ns,gate_layer
bp,x_only,logical_x,9,0.024,0.0,50000,1235,7689069064664434298,2265,0.0453,0.000930031289796209,zero,x_ns,gate_layer
bp,x_only,logical_x,9,0.026,0.0,50000,1235,7689069064664434298,2940,0.0588,0.001052069959650973,zero,x_ns,gate_layer
bp,x_only,logical_x,9,0.028,0.0,50000,1235,7689069064664434298,3627,0.07254,0.001159982313658273,zero,x_ns,gate_layer
bp,x_only,logical_x,9,0.03,0.0,50000,1235,7689069064664434298,4344,0.08688,0.001259617923022692,zero,x_ns,gate_layer
bp,x_only,logical_x,9,0.032,0.0,50000,1235,7689069064664434298,5119,0.10238,0.0013557163095574236,zero,x_ns,gate_layer
bp,x_only,logical_x,9,0.034,0.0,50000,1235,7689069064664434298,5955,0.1191,0.0014485523117927085,zero,x_ns,gate_layer
bp,x_only,logical_x,9,0.036,0.0,50000,1235,7689069064664434298,6939,0.13878,0.0015460925690268354,zero,x_ns,gate_layer
bp,x_only,logical_x,9,0.038,0.0,50000,1235,7689069064664434298,7612,0.15224,0.0016066299038670977,zero,x_ns,gate_layer
bp,x_only,logical_x,9,0.04,0.0,50000,1235,7689069064664434298,8539,0.17078,0.0016829390458361823,zero,x_ns,gate_layer
bp,x_only,logical_x,9,0.042,0.0,50000,1235,7689069064664434298,9432,0.18864,0.001749599670781862,zero,x_ns,gate_layer
bp,x_only,logical_x,9,0.044,0.0,50000,1235,7689069064664434298,10321,0.20642,0.0018100319533091121,zero,x_ns,gate_layer
bp,x_only,logical_x,9,0.046,0.0,50000,1235,7689069064664434298,11219,0.22438,0.0018656560004459558,zero,x_ns,gate_layer
bp,x_only,logical_x,9,0.048,0.0,50000,1235,7689069064664434298,12174,0.24348,0.0019193618189387847,zero,x_ns,gate_layer
bp,x_only,logical_x,9,0.05,0.0,50000,1235,7689069064664434298,12884,0.25768,0.0019559193112191516,zero,x_ns,gate_layer
bp,x_only,logical_x,9,0.052,0.0,50000,1235,7689069064664434298,13770,0.2754,0.0019977729600732914,zero,x_ns,gate_layer
bp,x_only,logical_x,9,0.054,0.0,50000,1235,7689069064664434298,14641,0.29282,0.0020350746797107963,zero,x_ns,gate_layer
bp,x_only,logical_x,9,0.056,0.0,50000,1235,7689069064664434298,15314,0.30628,0.002061419712722278,zero,x_ns,gate_layer
bp,x_only,logical_x,9,0.058,0.0,50000,1235,7689069064664434298,15966,0.31932,0.0020849687652336663,zero,x_ns,gate_layer
bp,x_only,logical_x,9,0.06,0.0,50000,1235,7689069064664434298,16687,0.33374,0.002108827220992749,zero,x_ns,gate_layer
bp,x_only,logical_x,9,0.062,0.0,50000,1235,7689069064664434298,17251,0.34502,0.0021259407310647207,zero,x_ns,gate_layer
bp,x_only,logical_x,9,0.064,0.0,50000,1235,7689069064664434298,17925,0.3585,0.002144657315283726,zero,x_ns,gate_layer
bp,x_only,logical_x,9,0.066,0.0,50000,1235,7689069064664434298,18386,0.36772,0.0021563951474625424,zero,x_ns,gate_layer
bp,x_only,logical_x,9,0.068,0.0,50000,1235,7689069064664434298,19104,0.38208,0.002172992745501006,zero,x_ns,gate_layer
bp,x_only,logical_x,9,0.07,0.0,50000,1235,7689069064664434298,19510,0.3902,0.0021814855488863547,zero,x_ns,gate_layer
bp,x_only,logical_x,9,0.072,0.0,50000,1235,7689069064664434298,19793,0.39586,0.0021870293111890386,zero,x_ns,gate_layer
bp,x_only,logical_x,9,0.074,0.0,50000,1235,7689069064664434298,20536,0.41072,0.002200132185119794,zero,x_ns,gate_layer
bp,x_only,logical_x,9,0.076,0.0,50000,1235,7689069064664434298,20916,0.41832,0.0022060298166615973,zero,x_ns,gate_layer
bp,x_only,logical_x,9,0.078,0.0,50000,1235,7689069064664434298,21032,0.42064,0.002207722765204001,zero,x_ns,gate_layer
bp,x_only,logical_x,9,0.08,0.0,50000,1235,7689069064664434298,21428,0.42856,0.002213125962976351,zero,x_ns,gate_layer
bp,x_only,logical_x,9,0.082,0.0,50000,1235,7689069064664434298,21803,0.43606,0.002217709071992988,zero,x_ns,gate_layer
bp,x_only,logical_x,9,0.084,0.0,50000,1235,7689069064664434298,22048,0.44096,0.0022204246368656604,zero,x_ns,gate_layer
bp,x_only,logical_x,9,0.086,0.0,50000,1235,7689069064664434298,22437,0.44874,0.0022242860085879244,zero,x_ns,gate_layer
bp,x_only,logical_x,9,0.088,0.0,50000,1235,7689069064664434298,22699,0.45398,0.0022265765632468156,zero,x_ns,gate_layer
bp,x_only,logical_x,9,0.09,0.0,50000,1235,7689069064664434298,22990,0.4598,0.0022288291096447927,zero,x_ns,gate_layer
bp,x_only,logical_x,9,0.092,0.0,50000,1235,7689069064664434298,22989,0.45978,0.002228821893288021,zero,x_ns,gate_layer
bp,x_only,logical_x,9,0.094,0.0,50000,1235,7689069064664434298,23364,0.46728,0.002231274979019843,zero,x_ns,gate_layer
bp,x_only,logical_x,9,0.096,0.0,50000,1235,7689069064664434298,23262,0.46524,0.002230657940608555,zero,x_ns,gate_layer
bp,x_only,logical_x,9,0.098,0.0,50000,1235,7689069064664434298,23691,0.47382,0.00223300070577687,zero,x_ns,gate_layer
bp,x_only,logical_x,9,0.1,0.0,50000,1235,7689069064664434298,23542,0.47084,0.0022322620563007384,zero,x_ns,gate_layer
bp,x_only,logical_x,11,0.0,0.0,50000,1235,7689069064664434298,0,0.0,0.0,zero,x_ns,gate_layer
bp,x_only,logical_x,11,0.002,0.0,50000,1235,7689069064664434298,0,0.0,0.0,zero,x_ns,gate_layer
bp,x_only,logical_x,11,0.004,0.0,50000,1235,7689069064664434298,0,0.0,0.0,zero,x_ns,gate_layer
bp,x_only,logical_x,11,0.006,0.0,50000,1235,7689069064664434298,6,0.00012,4.89868553797853e-5,zero,x_ns,gate_layer
bp,x_only,logical_x,11,0.008,0.0,50000,1235,7689069064664434298,24,0.00048,9.795607178730678e-5,zero,x_ns,gate_layer
bp,x_only,logical_x,11,0.01,0.0,50000,1235,7689069064664434298,77,0.00154,0.00017536410122941353,zero,x_ns,gate_layer
bp,x_only,logical_x,11,0.012,0.0,50000,1235,7689069064664434298,148,0.00296,0.00024295013480136207,zero,x_ns,gate_layer
bp,x_only,logical_x,11,0.014,0.0,50000,1235,7689069064664434298,279,0.00558,0.00033313251417416465,zero,x_ns,gate_layer
bp,x_only,logical_x,11,0.016,0.0,50000,1235,7689069064664434298,485,0.0097,0.0004383129019319418,zero,x_ns,gate_layer
bp,x_only,logical_x,11,0.018,0.0,50000,1235,7689069064664434298,725,0.0145,0.0005345979797941627,zero,x_ns,gate_layer
bp,x_only,logical_x,11,0.02,0.0,50000,1235,7689069064664434298,1128,0.02256,0.0006640940656262484,zero,x_ns,gate_layer
bp,x_only,logical_x,11,0.022,0.0,50000,1235,7689069064664434298,1613,0.03226,0.0007901808957447655,zero,x_ns,gate_layer
bp,x_only,logical_x,11,0.024,0.0,50000,1235,7689069064664434298,2235,0.0447,0.0009241418722252552,zero,x_ns,gate_layer
bp,x_only,logical_x,11,0.026,0.0,50000,1235,7689069064664434298,2857,0.05714,0.0010380271711280008,zero,x_ns,gate_layer
bp,x_only,logical_x,11,0.028,0.0,50000,1235,7689069064664434298,3747,0.07494,0.0011774888228768883,zero,x_ns,gate_layer
bp,x_only,logical_x,11,0.03,0.0,50000,1235,7689069064664434298,4498,0.08996,0.0012795874210072557,zero,x_ns,gate_layer
bp,x_only,logical_x,11,0.032,0.0,50000,1235,7689069064664434298,5431,0.10862,0.0013915580879000345,zero,x_ns,gate_layer
bp,x_only,logical_x,11,0.034,0.0,50000,1235,7689069064664434298,6491,0.12982,0.0015031085629454712,zero,x_ns,gate_layer
bp,x_only,logical_x,11,0.036,0.0,50000,1235,7689069064664434298,7486,0.14972,0.0015956435792494515,zero,x_ns,gate_layer
bp,x_only,logical_x,11,0.038,0.0,50000,1235,7689069064664434298,8528,0.17056,0.001682077800816597,zero,x_ns,gate_layer
bp,x_only,logical_x,11,0.04,0.0,50000,1235,7689069064664434298,9470,0.1894,0.0017522992895050778,zero,x_ns,gate_layer
bp,x_only,logical_x,11,0.042,0.0,50000,1235,7689069064664434298,10732,0.21464,0.0018361354546982639,zero,x_ns,gate_layer
bp,x_only,logical_x,11,0.044,0.0,50000,1235,7689069064664434298,11510,0.2302,0.0018825937426858723,zero,x_ns,gate_layer
bp,x_only,logical_x,11,0.046,0.0,50000,1235,7689069064664434298,12561,0.25122,0.0019396314680887193,zero,x_ns,gate_layer
bp,x_only,logical_x,11,0.048,0.0,50000,1235,7689069064664434298,13596,0.27192,0.001989871923516687,zero,x_ns,gate_layer
bp,x_only,logical_x,11,0.05,0.0,50000,1235,7689069064664434298,14455,0.2891,0.0020274180131388793,zero,x_ns,gate_layer
bp,x_only,logical_x,11,0.052,0.0,50000,1235,7689069064664434298,15514,0.31028,0.002068846642939007,zero,x_ns,gate_layer
bp,x_only,logical_x,11,0.054,0.0,50000,1235,7689069064664434298,16228,0.32456,0.0020938997416304348,zero,x_ns,gate_layer
bp,x_only,logical_x,11,0.056,0.0,50000,1235,7689069064664434298,17301,0.34602,0.0021273935207196623,zero,x_ns,gate_layer
bp,x_only,logical_x,11,0.058,0.0,50000,1235,7689069064664434298,17908,0.35816,0.0021442080794549768,zero,x_ns,gate_layer
bp,x_only,logical_x,11,0.06,0.0,50000,1235,7689069064664434298,18320,0.3664,0.002154766994363892,zero,x_ns,gate_layer
bp,x_only,logical_x,11,0.062,0.0,50000,1235,7689069064664434298,19019,0.38038,0.0021711336006796085,zero,x_ns,gate_layer
bp,x_only,logical_x,11,0.064,0.0,50000,1235,7689069064664434298,19763,0.39526,0.0021864561847885267,zero,x_ns,gate_layer
bp,x_only,logical_x,11,0.066,0.0,50000,1235,7689069064664434298,20373,0.40746,0.002197436453688707,zero,x_ns,gate_layer
bp,x_only,logical_x,11,0.068,0.0,50000,1235,7689069064664434298,20831,0.41662,0.002204757472376497,zero,x_ns,gate_layer
bp,x_only,logical_x,11,0.07,0.0,50000,1235,7689069064664434298,21111,0.42222,0.0022088470820769823,zero,x_ns,gate_layer
bp,x_only,logical_x,11,0.072,0.0,50000,1235,7689069064664434298,21512,0.43024,0.0022141975630010978,zero,x_ns,gate_layer
bp,x_only,logical_x,11,0.074,0.0,50000,1235,7689069064664434298,22094,0.44188,0.0022209100188886536,zero,x_ns,gate_layer
bp,x_only,logical_x,11,0.076,0.0,50000,1235,7689069064664434298,22438,0.44876,0.002224295225009486,zero,x_ns,gate_layer
bp,x_only,logical_x,11,0.078,0.0,50000,1235,7689069064664434298,22644,0.45288,0.002226116374316491,zero,x_ns,gate_layer
bp,x_only,logical_x,11,0.08,0.0,50000,1235,7689069064664434298,22967,0.45934,0.0022286622193594076,zero,x_ns,gate_layer
bp,x_only,logical_x,11,0.082,0.0,50000,1235,7689069064664434298,22972,0.45944,0.00222869866244856,zero,x_ns,gate_layer
bp,x_only,logical_x,11,0.084,0.0,50000,1235,7689069064664434298,23174,0.46348,0.0022300954670148093,zero,x_ns,gate_layer
bp,x_only,logical_x,11,0.086,0.0,50000,1235,7689069064664434298,23660,0.4732,0.002232853600216548,zero,x_ns,gate_layer
bp,x_only,logical_x,11,0.088,0.0,50000,1235,7689069064664434298,23681,0.47362,0.0022329536296125814,zero,x_ns,gate_layer
bp,x_only,logical_x,11,0.09,0.0,50000,1235,7689069064664434298,23848,0.47696,0.00223369272013856,zero,x_ns,gate_layer
bp,x_only,logical_x,11,0.092,0.0,50000,1235,7689069064664434298,24135,0.4827,0.002234729111100493,zero,x_ns,gate_layer
bp,x_only,logical_x,11,0.094,0.0,50000,1235,7689069064664434298,24038,0.48076,0.0022344118796676677,zero,x_ns,gate_layer
bp,x_only,logical_x,11,0.096,0.0,50000,1235,7689069064664434298,24152,0.48304,0.0022347812349310615,zero,x_ns,gate_layer
bp,x_only,logical_x,11,0.098,0.0,50000,1235,7689069064664434298,24372,0.48744,0.0022353623706236085,zero,x_ns,gate_layer
bp,x_only,logical_x,11,0.1,0.0,50000,1235,7689069064664434298,24387,0.48774,0.002235395680410965,zero,x_ns,gate_layer
bp,x_only,logical_x,13,0.0,0.0,50000,1235,7689069064664434298,0,0.0,0.0,zero,x_ns,gate_layer
bp,x_only,logical_x,13,0.002,0.0,50000,1235,7689069064664434298,0,0.0,0.0,zero,x_ns,gate_layer
bp,x_only,logical_x,13,0.004,0.0,50000,1235,7689069064664434298,0,0.0,0.0,zero,x_ns,gate_layer
bp,x_only,logical_x,13,0.006,0.0,50000,1235,7689069064664434298,2,4.0e-5,2.8283705556379983e-5,zero,x_ns,gate_layer
bp,x_only,logical_x,13,0.008,0.0,50000,1235,7689069064664434298,8,0.00016,5.6564016830490393e-5,zero,x_ns,gate_layer
bp,x_only,logical_x,13,0.01,0.0,50000,1235,7689069064664434298,40,0.0008,0.00012644049984083424,zero,x_ns,gate_layer
bp,x_only,logical_x,13,0.012,0.0,50000,1235,7689069064664434298,80,0.0016,0.00017874227256024243,zero,x_ns,gate_layer
bp,x_only,logical_x,13,0.014,0.0,50000,1235,7689069064664434298,190,0.0038,0.0002751566826373657,zero,x_ns,gate_layer
bp,x_only,logical_x,13,0.016,0.0,50000,1235,7689069064664434298,387,0.00774,0.0003919207164720947,zero,x_ns,gate_layer
bp,x_only,logical_x,13,0.018,0.0,50000,1235,7689069064664434298,636,0.01272,0.0005011626801748111,zero,x_ns,gate_layer
bp,x_only,logical_x,13,0.02,0.0,50000,1235,7689069064664434298,939,0.01878,0.000607080086973704,zero,x_ns,gate_layer
bp,x_only,logical_x,13,0.022,0.0,50000,1235,7689069064664434298,1578,0.03156,0.00078184354445119,zero,x_ns,gate_layer
bp,x_only,logical_x,13,0.024,0.0,50000,1235,7689069064664434298,2181,0.04362,0.000913425372978001,zero,x_ns,gate_layer
bp,x_only,logical_x,13,0.026,0.0,50000,1235,7689069064664434298,2889,0.05778,0.001043469899901286,zero,x_ns,gate_layer
bp,x_only,logical_x,13,0.028,0.0,50000,1235,7689069064664434298,3861,0.07722,0.0011937928765074785,zero,x_ns,gate_layer
bp,x_only,logical_x,13,0.03,0.0,50000,1235,7689069064664434298,4715,0.0943,0.0013069622029729857,zero,x_ns,gate_layer
bp,x_only,logical_x,13,0.032,0.0,50000,1235,7689069064664434298,5773,0.11546,0.0014291884998137929,zero,x_ns,gate_layer
bp,x_only,logical_x,13,0.034,0.0,50000,1235,7689069064664434298,6908,0.13816,0.001543190295459377,zero,x_ns,gate_layer
bp,x_only,logical_x,13,0.036,0.0,50000,1235,7689069064664434298,8056,0.16112,0.0016441432151731797,zero,x_ns,gate_layer
bp,x_only,logical_x,13,0.038,0.0,50000,1235,7689069064664434298,9412,0.18824,0.001748174490146793,zero,x_ns,gate_layer
bp,x_only,logical_x,13,0.04,0.0,50000,1235,7689069064664434298,10485,0.2097,0.00182058183007521,zero,x_ns,gate_layer
bp,x_only,logical_x,13,0.042,0.0,50000,1235,7689069064664434298,11785,0.2357,0.0018981333462114824,zero,x_ns,gate_layer
bp,x_only,logical_x,13,0.044,0.0,50000,1235,7689069064664434298,12760,0.2552,0.0019497331099409478,zero,x_ns,gate_layer
bp,x_only,logical_x,13,0.046,0.0,50000,1235,7689069064664434298,14064,0.28128,0.0020107787625693683,zero,x_ns,gate_layer
bp,x_only,logical_x,13,0.048,0.0,50000,1235,7689069064664434298,15147,0.30294,0.00205507837514777,zero,x_ns,gate_layer
bp,x_only,logical_x,13,0.05,0.0,50000,1235,7689069064664434298,15882,0.31764,0.0020820414520369185,zero,x_ns,gate_layer
bp,x_only,logical_x,13,0.052,0.0,50000,1235,7689069064664434298,16934,0.33868,0.002116486983659479,zero,x_ns,gate_layer
bp,x_only,logical_x,13,0.054,0.0,50000,1235,7689069064664434298,17641,0.35282,0.0021369981169856,zero,x_ns,gate_layer
bp,x_only,logical_x,13,0.056,0.0,50000,1235,7689069064664434298,18577,0.37154,0.002161009155001431,zero,x_ns,gate_layer
bp,x_only,logical_x,13,0.058,0.0,50000,1235,7689069064664434298,19241,0.38482,0.0021759299970357505,zero,x_ns,gate_layer
bp,x_only,logical_x,13,0.06,0.0,50000,1235,7689069064664434298,19917,0.39834,0.0021893617535711177,zero,x_ns,gate_layer
bp,x_only,logical_x,13,0.062,0.0,50000,1235,7689069064664434298,20661,0.41322,0.002202131838015154,zero,x_ns,gate_layer
bp,x_only,logical_x,13,0.064,0.0,50000,1235,7689069064664434298,21023,0.42046,0.0022075932070922846,zero,x_ns,gate_layer
bp,x_only,logical_x,13,0.066,0.0,50000,1235,7689069064664434298,21356,0.42712,0.002212186726295952,zero,x_ns,gate_layer
bp,x_only,logical_x,13,0.068,0.0,50000,1235,7689069064664434298,22004,0.44008,0.00221995312382942,zero,x_ns,gate_layer
bp,x_only,logical_x,13,0.07,0.0,50000,1235,7689069064664434298,22391,0.44782,0.0022238581231724293,zero,x_ns,gate_layer
bp,x_only,logical_x,13,0.072,0.0,50000,1235,7689069064664434298,22688,0.45376,0.002226485402602047,zero,x_ns,gate_layer
bp,x_only,logical_x,13,0.074,0.0,50000,1235,7689069064664434298,22981,0.45962,0.0022287640323731,zero,x_ns,gate_layer
bp,x_only,logical_x,13,0.076,0.0,50000,1235,7689069064664434298,23078,0.46156,0.0022294500057188993,zero,x_ns,gate_layer
bp,x_only,logical_x,13,0.078,0.0,50000,1235,7689069064664434298,23581,0.47162,0.0022324631042863843,zero,x_ns,gate_layer
bp,x_only,logical_x,13,0.08,0.0,50000,1235,7689069064664434298,23666,0.47332,0.0022328823417278394,zero,x_ns,gate_layer
bp,x_only,logical_x,13,0.082,0.0,50000,1235,7689069064664434298,23917,0.47834,0.0022339688645995046,zero,x_ns,gate_layer
bp,x_only,logical_x,13,0.084,0.0,50000,1235,7689069064664434298,24140,0.4828,0.0022347445491599257,zero,x_ns,gate_layer
bp,x_only,logical_x,13,0.086,0.0,50000,1235,7689069064664434298,24314,0.48628,0.002235225991259049,zero,x_ns,gate_layer
bp,x_only,logical_x,13,0.088,0.0,50000,1235,7689069064664434298,24257,0.48514,0.0022350802240635567,zero,x_ns,gate_layer
bp,x_only,logical_x,13,0.09,0.0,50000,1235,7689069064664434298,24439,0.48878,0.002235504916568067,zero,x_ns,gate_layer
bp,x_only,logical_x,13,0.092,0.0,50000,1235,7689069064664434298,24418,0.48836,0.002235461967468917,zero,x_ns,gate_layer
bp,x_only,logical_x,13,0.094,0.0,50000,1235,7689069064664434298,24564,0.49128,0.0022357278975760893,zero,x_ns,gate_layer
bp,x_only,logical_x,13,0.096,0.0,50000,1235,7689069064664434298,24826,0.49652,0.0022360138174886126,zero,x_ns,gate_layer
bp,x_only,logical_x,13,0.098,0.0,50000,1235,7689069064664434298,24595,0.4919,0.0022357745414061767,zero,x_ns,gate_layer
bp,x_only,logical_x,13,0.1,0.0,50000,1235,7689069064664434298,24627,0.49254,0.0022358190821262797,zero,x_ns,gate_layer
bp,x_only,logical_x,15,0.0,0.0,50000,1235,7689069064664434298,0,0.0,0.0,zero,x_ns,gate_layer
bp,x_only,logical_x,15,0.002,0.0,50000,1235,7689069064664434298,0,0.0,0.0,zero,x_ns,gate_layer
bp,x_only,logical_x,15,0.004,0.0,50000,1235,7689069064664434298,0,0.0,0.0,zero,x_ns,gate_layer
bp,x_only,logical_x,15,0.006,0.0,50000,1235,7689069064664434298,1,2.0e-5,1.999979999899999e-5,zero,x_ns,gate_layer
bp,x_only,logical_x,15,0.008,0.0,50000,1235,7689069064664434298,4,8.0e-5,3.999839996799872e-5,zero,x_ns,gate_layer
bp,x_only,logical_x,15,0.01,0.0,50000,1235,7689069064664434298,12,0.00024,6.927371795998825e-5,zero,x_ns,gate_layer
bp,x_only,logical_x,15,0.012,0.0,50000,1235,7689069064664434298,49,0.00098,0.00013993138318475952,zero,x_ns,gate_layer
bp,x_only,logical_x,15,0.014,0.0,50000,1235,7689069064664434298,140,0.0028,0.0002363116586205598,zero,x_ns,gate_layer
bp,x_only,logical_x,15,0.016,0.0,50000,1235,7689069064664434298,263,0.00526,0.00032349134146063323,zero,x_ns,gate_layer
bp,x_only,logical_x,15,0.018,0.0,50000,1235,7689069064664434298,499,0.00998,0.000444531204753952,zero,x_ns,gate_layer
bp,x_only,logical_x,15,0.02,0.0,50000,1235,7689069064664434298,842,0.01684,0.0005754374753176926,zero,x_ns,gate_layer
bp,x_only,logical_x,15,0.022,0.0,50000,1235,7689069064664434298,1382,0.02764,0.0007331579693353951,zero,x_ns,gate_layer
bp,x_only,logical_x,15,0.024,0.0,50000,1235,7689069064664434298,2044,0.04088,0.000885537414229348,zero,x_ns,gate_layer
bp,x_only,logical_x,15,0.026,0.0,50000,1235,7689069064664434298,2825,0.0565,0.0010325478197158715,zero,x_ns,gate_layer
bp,x_only,logical_x,15,0.028,0.0,50000,1235,7689069064664434298,3880,0.0776,0.0011964801711687495,zero,x_ns,gate_layer
bp,x_only,logical_x,15,0.03,0.0,50000,1235,7689069064664434298,4874,0.09748,0.0013264814329646685,zero,x_ns,gate_layer
bp,x_only,logical_x,15,0.032,0.0,50000,1235,7689069064664434298,6190,0.1238,0.0014729124889143958,zero,x_ns,gate_layer
bp,x_only,logical_x,15,0.034,0.0,50000,1235,7689069064664434298,7370,0.1474,0.0015853910558597207,zero,x_ns,gate_layer
bp,x_only,logical_x,15,0.036,0.0,50000,1235,7689069064664434298,8607,0.17214,0.001688240625029501,zero,x_ns,gate_layer
bp,x_only,logical_x,15,0.038,0.0,50000,1235,7689069064664434298,9893,0.19786,0.0017816364410283036,zero,x_ns,gate_layer
bp,x_only,logical_x,15,0.04,0.0,50000,1235,7689069064664434298,11376,0.22752,0.001874858125832459,zero,x_ns,gate_layer
bp,x_only,logical_x,15,0.042,0.0,50000,1235,7689069064664434298,12748,0.25496,0.0019491300541523645,zero,x_ns,gate_layer
bp,x_only,logical_x,15,0.044,0.0,50000,1235,7689069064664434298,13892,0.27784,0.0020032220765556674,zero,x_ns,gate_layer
bp,x_only,logical_x,15,0.046,0.0,50000,1235,7689069064664434298,15069,0.30138,0.002052072589359353,zero,x_ns,gate_layer
bp,x_only,logical_x,15,0.048,0.0,50000,1235,7689069064664434298,16259,0.32518,0.0020949365985633074,zero,x_ns,gate_layer
bp,x_only,logical_x,15,0.05,0.0,50000,1235,7689069064664434298,17044,0.34088,0.0021198152070404626,zero,x_ns,gate_layer
bp,x_only,logical_x,15,0.052,0.0,50000,1235,7689069064664434298,18346,0.36692,0.0021554104648535046,zero,x_ns,gate_layer
bp,x_only,logical_x,15,0.054,0.0,50000,1235,7689069064664434298,19096,0.38192,0.002172818968989363,zero,x_ns,gate_layer
bp,x_only,logical_x,15,0.056,0.0,50000,1235,7689069064664434298,19752,0.39504,0.0021862451756379016,zero,x_ns,gate_layer
bp,x_only,logical_x,15,0.058,0.0,50000,1235,7689069064664434298,20490,0.4098,0.0021993815494361136,zero,x_ns,gate_layer
bp,x_only,logical_x,15,0.06,0.0,50000,1235,7689069064664434298,21042,0.42084,0.002207866365521247,zero,x_ns,gate_layer
bp,x_only,logical_x,15,0.062,0.0,50000,1235,7689069064664434298,21617,0.43234,0.002215500505077803,zero,x_ns,gate_layer
bp,x_only,logical_x,15,0.064,0.0,50000,1235,7689069064664434298,22167,0.44334,0.0022216644409091125,zero,x_ns,gate_layer
bp,x_only,logical_x,15,0.066,0.0,50000,1235,7689069064664434298,22569,0.45138,0.0022254711662926573,zero,x_ns,gate_layer
bp,x_only,logical_x,15,0.068,0.0,50000,1235,7689069064664434298,22824,0.45648,0.002227581691431315,zero,x_ns,gate_layer
bp,x_only,logical_x,15,0.07,0.0,50000,1235,7689069064664434298,23244,0.46488,0.0022305451602691213,zero,x_ns,gate_layer
bp,x_only,logical_x,15,0.072,0.0,50000,1235,7689069064664434298,23625,0.4725,0.0022326833631305626,zero,x_ns,gate_layer
bp,x_only,logical_x,15,0.074,0.0,50000,1235,7689069064664434298,23683,0.47366,0.0022329630735863056,zero,x_ns,gate_layer
bp,x_only,logical_x,15,0.076,0.0,50000,1235,7689069064664434298,24148,0.48296,0.0022347690636842095,zero,x_ns,gate_layer
bp,x_only,logical_x,15,0.078,0.0,50000,1235,7689069064664434298,24105,0.4821,0.0022346346010030365,zero,x_ns,gate_layer
bp,x_only,logical_x,15,0.08,0.0,50000,1235,7689069064664434298,24406,0.48812,0.0022354367161697957,zero,x_ns,gate_layer
bp,x_only,logical_x,15,0.082,0.0,50000,1235,7689069064664434298,24265,0.4853,0.0022351013847250866,zero,x_ns,gate_layer
bp,x_only,logical_x,15,0.084,0.0,50000,1235,7689069064664434298,24270,0.4854,0.0022351144937116756,zero,x_ns,gate_layer
bp,x_only,logical_x,15,0.086,0.0,50000,1235,7689069064664434298,24442,0.48884,0.002235510923256695,zero,x_ns,gate_layer
bp,x_only,logical_x,15,0.088,0.0,50000,1235,7689069064664434298,24553,0.49106,0.0022357105197229805,zero,x_ns,gate_layer
bp,x_only,logical_x,15,0.09,0.0,50000,1235,7689069064664434298,24661,0.49322,0.002235862391114444,zero,x_ns,gate_layer
bp,x_only,logical_x,15,0.092,0.0,50000,1235,7689069064664434298,24765,0.4953,0.0022359691858341874,zero,x_ns,gate_layer
bp,x_only,logical_x,15,0.094,0.0,50000,1235,7689069064664434298,24643,0.49286,0.002235839978173751,zero,x_ns,gate_layer
bp,x_only,logical_x,15,0.096,0.0,50000,1235,7689069064664434298,24694,0.49388,0.002235900470056751,zero,x_ns,gate_layer
bp,x_only,logical_x,15,0.098,0.0,50000,1235,7689069064664434298,24841,0.49682,0.0022360227530148257,zero,x_ns,gate_layer
bp,x_only,logical_x,15,0.1,0.0,50000,1235,7689069064664434298,24955,0.4991,0.002236064355066732,zero,x_ns,gate_layer
bp,z_only,logical_z,9,0.0,0.0,50000,1235,15124755166087936240,0,0.0,0.0,zero,x_ns,gate_layer
bp,z_only,logical_z,9,0.0,0.002,50000,1235,15124755166087936240,6204,0.12408,0.001474341572363745,zero,x_ns,gate_layer
bp,z_only,logical_z,9,0.0,0.004,50000,1235,15124755166087936240,10023,0.20046,0.0017903954222461586,zero,x_ns,gate_layer
bp,z_only,logical_z,9,0.0,0.006,50000,1235,15124755166087936240,12569,0.25138,0.0019400417294481067,zero,x_ns,gate_layer
bp,z_only,logical_z,9,0.0,0.008,50000,1235,15124755166087936240,14272,0.28544,0.0020197227849385667,zero,x_ns,gate_layer
bp,z_only,logical_z,9,0.0,0.01,50000,1235,15124755166087936240,15590,0.3118,0.0020716213939810527,zero,x_ns,gate_layer
bp,z_only,logical_z,9,0.0,0.012,50000,1235,15124755166087936240,16425,0.3285,0.0021004178155786053,zero,x_ns,gate_layer
bp,z_only,logical_z,9,0.0,0.014,50000,1235,15124755166087936240,17262,0.34524,0.002126261237007344,zero,x_ns,gate_layer
bp,z_only,logical_z,9,0.0,0.016,50000,1235,15124755166087936240,17838,0.35676,0.0021423459216475755,zero,x_ns,gate_layer
bp,z_only,logical_z,9,0.0,0.018,50000,1235,15124755166087936240,18362,0.36724,0.002155805104363565,zero,x_ns,gate_layer
bp,z_only,logical_z,9,0.0,0.02,50000,1235,15124755166087936240,19054,0.38108,0.0021719025466166754,zero,x_ns,gate_layer
bp,z_only,logical_z,9,0.0,0.022,50000,1235,15124755166087936240,19377,0.38754,0.002178773730335484,zero,x_ns,gate_layer
bp,z_only,logical_z,9,0.0,0.024,50000,1235,15124755166087936240,19805,0.3961,0.002187257597998004,zero,x_ns,gate_layer
bp,z_only,logical_z,9,0.0,0.026,50000,1235,15124755166087936240,19881,0.39762,0.002188690638715303,zero,x_ns,gate_layer
bp,z_only,logical_z,9,0.0,0.028,50000,1235,15124755166087936240,20384,0.40768,0.00219762152155461,zero,x_ns,gate_layer
bp,z_only,logical_z,9,0.0,0.03,50000,1235,15124755166087936240,20862,0.41724,0.0022052246252933054,zero,x_ns,gate_layer
bp,z_only,logical_z,9,0.0,0.032,50000,1235,15124755166087936240,21126,0.42252,0.002209057942200702,zero,x_ns,gate_layer
bp,z_only,logical_z,9,0.0,0.034,50000,1235,15124755166087936240,21299,0.42598,0.0022114295810628927,zero,x_ns,gate_layer
bp,z_only,logical_z,9,0.0,0.036,50000,1235,15124755166087936240,21711,0.43422,0.0022166325432962496,zero,x_ns,gate_layer
bp,z_only,logical_z,9,0.0,0.038,50000,1235,15124755166087936240,21830,0.4366,0.0022180191162386315,zero,x_ns,gate_layer
bp,z_only,logical_z,9,0.0,0.04,50000,1235,15124755166087936240,22062,0.44124,0.0022205731800595987,zero,x_ns,gate_layer
bp,z_only,logical_z,9,0.0,0.042,50000,1235,15124755166087936240,22348,0.44696,0.002223451184082979,zero,x_ns,gate_layer
bp,z_only,logical_z,9,0.0,0.044,50000,1235,15124755166087936240,22253,0.44506,0.0022225282738359033,zero,x_ns,gate_layer
bp,z_only,logical_z,9,0.0,0.046,50000,1235,15124755166087936240,22697,0.45394,0.0022265600211986204,zero,x_ns,gate_layer
bp,z_only,logical_z,9,0.0,0.048,50000,1235,15124755166087936240,22915,0.4583,0.0022282778552056744,zero,x_ns,gate_layer
bp,z_only,logical_z,9,0.0,0.05,50000,1235,15124755166087936240,22922,0.45844,0.0022283301658416782,zero,x_ns,gate_layer
bp,z_only,logical_z,9,0.0,0.052,50000,1235,15124755166087936240,23049,0.46098,0.002229248481439429,zero,x_ns,gate_layer
bp,z_only,logical_z,9,0.0,0.054,50000,1235,15124755166087936240,23285,0.4657,0.0022308003496503224,zero,x_ns,gate_layer
bp,z_only,logical_z,9,0.0,0.056,50000,1235,15124755166087936240,23487,0.46974,0.002231969230970714,zero,x_ns,gate_layer
bp,z_only,logical_z,9,0.0,0.058,50000,1235,15124755166087936240,23335,0.4667,0.0022311033593269496,zero,x_ns,gate_layer
bp,z_only,logical_z,9,0.0,0.06,50000,1235,15124755166087936240,23601,0.47202,0.002232564084634526,zero,x_ns,gate_layer
bp,z_only,logical_z,9,0.0,0.062,50000,1235,15124755166087936240,23751,0.47502,0.0022332756193537777,zero,x_ns,gate_layer
bp,z_only,logical_z,9,0.0,0.064,50000,1235,15124755166087936240,24041,0.48082,0.002234422196452586,zero,x_ns,gate_layer
bp,z_only,logical_z,9,0.0,0.066,50000,1235,15124755166087936240,23971,0.47942,0.0022341730622313038,zero,x_ns,gate_layer
bp,z_only,logical_z,9,0.0,0.068,50000,1235,15124755166087936240,24013,0.48026,0.002234324651432732,zero,x_ns,gate_layer
bp,z_only,logical_z,9,0.0,0.07,50000,1235,15124755166087936240,24057,0.48114,0.0022344766743020612,zero,x_ns,gate_layer
bp,z_only,logical_z,9,0.0,0.072,50000,1235,15124755166087936240,24314,0.48628,0.002235225991259049,zero,x_ns,gate_layer
bp,z_only,logical_z,9,0.0,0.074,50000,1235,15124755166087936240,24162,0.48324,0.0022348114121777704,zero,x_ns,gate_layer
bp,z_only,logical_z,9,0.0,0.076,50000,1235,15124755166087936240,24147,0.48294,0.0022347660119126566,zero,x_ns,gate_layer
bp,z_only,logical_z,9,0.0,0.078,50000,1235,15124755166087936240,24453,0.48906,0.002235532672094058,zero,x_ns,gate_layer
bp,z_only,logical_z,9,0.0,0.08,50000,1235,15124755166087936240,24533,0.49066,0.0022356778139973566,zero,x_ns,gate_layer
bp,z_only,logical_z,9,0.0,0.082,50000,1235,15124755166087936240,24488,0.48976,0.0022355989908747053,zero,x_ns,gate_layer
bp,z_only,logical_z,9,0.0,0.084,50000,1235,15124755166087936240,24463,0.48926,0.0022355520678346993,zero,x_ns,gate_layer
bp,z_only,logical_z,9,0.0,0.086,50000,1235,15124755166087936240,24346,0.48692,0.002235302724912221,zero,x_ns,gate_layer
bp,z_only,logical_z,9,0.0,0.088,50000,1235,15124755166087936240,24500,0.49,0.0022356207191739836,zero,x_ns,gate_layer
bp,z_only,logical_z,9,0.0,0.09,50000,1235,15124755166087936240,24608,0.49216,0.002235793078082138,zero,x_ns,gate_layer
bp,z_only,logical_z,9,0.0,0.092,50000,1235,15124755166087936240,24765,0.4953,0.0022359691858341874,zero,x_ns,gate_layer
bp,z_only,logical_z,9,0.0,0.094,50000,1235,15124755166087936240,24752,0.49504,0.002235957953093036,zero,x_ns,gate_layer
bp,z_only,logical_z,9,0.0,0.096,50000,1235,15124755166087936240,24569,0.49138,0.002235735653425959,zero,x_ns,gate_layer
bp,z_only,logical_z,9,0.0,0.098,50000,1235,15124755166087936240,24697,0.49394,0.002235903738536165,zero,x_ns,gate_layer
bp,z_only,logical_z,9,0.0,0.1,50000,1235,15124755166087936240,24725,0.4945,0.0022359326912946196,zero,x_ns,gate_layer
bp,z_only,logical_z,11,0.0,0.0,50000,1235,15124755166087936240,0,0.0,0.0,zero,x_ns,gate_layer
bp,z_only,logical_z,11,0.0,0.002,50000,1235,15124755166087936240,8695,0.1739,0.001695044483192108,zero,x_ns,gate_layer
bp,z_only,logical_z,11,0.0,0.004,50000,1235,15124755166087936240,12922,0.25844,0.0019577985922969708,zero,x_ns,gate_layer
bp,z_only,logical_z,11,0.0,0.006,50000,1235,15124755166087936240,15357,0.30714,0.002063031848518098,zero,x_ns,gate_layer
bp,z_only,logical_z,11,0.0,0.008,50000,1235,15124755166087936240,16762,0.33524,0.002111180439469824,zero,x_ns,gate_layer
bp,z_only,logical_z,11,0.0,0.01,50000,1235,15124755166087936240,17816,0.35632,0.0021417565575947233,zero,x_ns,gate_layer
bp,z_only,logical_z,11,0.0,0.012,50000,1235,15124755166087936240,18487,0.36974,0.0021588530862474177,zero,x_ns,gate_layer
bp,z_only,logical_z,11,0.0,0.014,50000,1235,15124755166087936240,19194,0.38388,0.0021749305533740612,zero,x_ns,gate_layer
bp,z_only,logical_z,11,0.0,0.016,50000,1235,15124755166087936240,19979,0.39958,0.0021905059853832855,zero,x_ns,gate_layer
bp,z_only,logical_z,11,0.0,0.018,50000,1235,15124755166087936240,20303,0.40606,0.0021962480570281674,zero,x_ns,gate_layer
bp,z_only,logical_z,11,0.0,0.02,50000,1235,15124755166087936240,20557,0.41114,0.0022004722238646865,zero,x_ns,gate_layer
bp,z_only,logical_z,11,0.0,0.022,50000,1235,15124755166087936240,20996,0.41992,0.0022072027256235436,zero,x_ns,gate_layer
bp,z_only,logical_z,11,0.0,0.024,50000,1235,15124755166087936240,21191,0.42382,0.0022099620250130994,zero,x_ns,gate_layer
bp,z_only,logical_z,11,0.0,0.026,50000,1235,15124755166087936240,21527,0.43054,0.0022143861831216342,zero,x_ns,gate_layer
bp,z_only,logical_z,11,0.0,0.028,50000,1235,15124755166087936240,22004,0.44008,0.00221995312382942,zero,x_ns,gate_layer
bp,z_only,logical_z,11,0.0,0.03,50000,1235,15124755166087936240,22137,0.44274,0.002221356758379887,zero,x_ns,gate_layer
bp,z_only,logical_z,11,0.0,0.032,50000,1235,15124755166087936240,22345,0.4469,0.0022234225419384412,zero,x_ns,gate_layer
bp,z_only,logical_z,11,0.0,0.034,50000,1235,15124755166087936240,22554,0.45108,0.0022253396756450466,zero,x_ns,gate_layer
bp,z_only,logical_z,11,0.0,0.036,50000,1235,15124755166087936240,22833,0.45666,0.0022276518776505453,zero,x_ns,gate_layer
bp,z_only,logical_z,11,0.0,0.038,50000,1235,15124755166087936240,22947,0.45894,0.0022285155435850116,zero,x_ns,gate_layer
bp,z_only,logical_z,11,0.0,0.04,50000,1235,15124755166087936240,23139,0.46278,0.002229863994058831,zero,x_ns,gate_layer
bp,z_only,logical_z,11,0.0,0.042,50000,1235,15124755166087936240,23196,0.46392,0.002230238702919488,zero,x_ns,gate_layer
bp,z_only,logical_z,11,0.0,0.044,50000,1235,15124755166087936240,23601,0.47202,0.002232564084634526,zero,x_ns,gate_layer
bp,z_only,logical_z,11,0.0,0.046,50000,1235,15124755166087936240,23795,0.4759,0.002233469005829273,zero,x_ns,gate_layer
bp,z_only,logical_z,11,0.0,0.048,50000,1235,15124755166087936240,23684,0.47368,0.0022329677901841757,zero,x_ns,gate_layer
bp,z_only,logical_z,11,0.0,0.05,50000,1235,15124755166087936240,23698,0.47396,0.002233033445338426,zero,x_ns,gate_layer
bp,z_only,logical_z,11,0.0,0.052,50000,1235,15124755166087936240,23972,0.47944,0.002234176745022649,zero,x_ns,gate_layer
bp,z_only,logical_z,11,0.0,0.054,50000,1235,15124755166087936240,23877,0.47754,0.0022338108621814874,zero,x_ns,gate_layer
bp,z_only,logical_z,11,0.0,0.056,50000,1235,15124755166087936240,24083,0.48166,0.0022345632432312136,zero,x_ns,gate_layer
bp,z_only,logical_z,11,0.0,0.058,50000,1235,15124755166087936240,24361,0.48722,0.002235337431351249,zero,x_ns,gate_layer
bp,z_only,logical_z,11,0.0,0.06,50000,1235,15124755166087936240,24088,0.48176,0.002234579613260624,zero,x_ns,gate_layer
bp,z_only,logical_z,11,0.0,0.062,50000,1235,15124755166087936240,24319,0.48638,0.0022352382226509993,zero,x_ns,gate_layer
bp,z_only,logical_z,11,0.0,0.064,50000,1235,15124755166087936240,24514,0.49028,0.0022356454173235968,zero,x_ns,gate_layer
bp,z_only,logical_z,11,0.0,0.066,50000,1235,15124755166087936240,24506,0.49012,0.002235631390010437,zero,x_ns,gate_layer
bp,z_only,logical_z,11,0.0,0.068,50000,1235,15124755166087936240,24714,0.49428,0.002235921651579053,zero,x_ns,gate_layer
bp,z_only,logical_z,11,0.0,0.07,50000,1235,15124755166087936240,24642,0.49284,0.0022358386990120735,zero,x_ns,gate_layer
bp,z_only,logical_z,11,0.0,0.072,50000,1235,15124755166087936240,24566,0.49132,0.0022357310106540097,zero,x_ns,gate_layer
bp,z_only,logical_z,11,0.0,0.074,50000,1235,15124755166087936240,24746,0.49492,0.0022359525647920172,zero,x_ns,gate_layer
bp,z_only,logical_z,11,0.0,0.076,50000,1235,15124755166087936240,24909,0.49818,0.0022360531639475834,zero,x_ns,gate_layer
bp,z_only,logical_z,11,0.0,0.078,50000,1235,15124755166087936240,24772,0.49544,0.002235974983759881,zero,x_ns,gate_layer
bp,z_only,logical_z,11,0.0,0.08,50000,1235,15124755166087936240,24679,0.49358,0.0022358836445575607,zero,x_ns,gate_layer
bp,z_only,logical_z,11,0.0,0.082,50000,1235,15124755166087936240,24739,0.49478,0.002235946115629802,zero,x_ns,gate_layer
bp,z_only,logical_z,11,0.0,0.084,50000,1235,15124755166087936240,25017,0.50034,0.0022360674605208138,zero,x_ns,gate_layer
bp,z_only,logical_z,11,0.0,0.086,50000,1235,15124755166087936240,24721,0.49442,0.0022359287269499446,zero,x_ns,gate_layer
bp,z_only,logical_z,11,0.0,0.088,50000,1235,15124755166087936240,24763,0.49526,0.002235967497080402,zero,x_ns,gate_layer
bp,z_only,logical_z,11,0.0,0.09,50000,1235,15124755166087936240,24891,0.49782,0.0022360467240198716,zero,x_ns,gate_layer
bp,z_only,logical_z,11,0.0,0.092,50000,1235,15124755166087936240,25068,0.50136,0.002236059705821828,zero,x_ns,gate_layer
bp,z_only,logical_z,11,0.0,0.094,50000,1235,15124755166087936240,24888,0.49776,0.002236045537997829,zero,x_ns,gate_layer
bp,z_only,logical_z,11,0.0,0.096,50000,1235,15124755166087936240,25022,0.50044,0.002236067111694101,zero,x_ns,gate_layer
bp,z_only,logical_z,11,0.0,0.098,50000,1235,15124755166087936240,25117,0.50234,0.0022360434897380687,zero,x_ns,gate_layer
bp,z_only,logical_z,11,0.0,0.1,50000,1235,15124755166087936240,24922,0.49844,0.002236057094083244,zero,x_ns,gate_layer
bp,z_only,logical_z,13,0.0,0.0,50000,1235,15124755166087936240,0,0.0,0.0,zero,x_ns,gate_layer
bp,z_only,logical_z,13,0.0,0.002,50000,1235,15124755166087936240,11012,0.22024,0.0018532908158192549,zero,x_ns,gate_layer
bp,z_only,logical_z,13,0.0,0.004,50000,1235,15124755166087936240,15048,0.30096,0.002051258532706202,zero,x_ns,gate_layer
bp,z_only,logical_z,13,0.0,0.006,50000,1235,15124755166087936240,17383,0.34766,0.0021297536214313615,zero,x_ns,gate_layer
bp,z_only,logical_z,13,0.0,0.008,50000,1235,15124755166087936240,18541,0.37082,0.002160150585491669,zero,x_ns,gate_layer
bp,z_only,logical_z,13,0.0,0.01,50000,1235,15124755166087936240,19567,0.39134,0.0021826268778698753,zero,x_ns,gate_layer
bp,z_only,logical_z,13,0.0,0.012,50000,1235,15124755166087936240,20095,0.4019,0.00219260753442106,zero,x_ns,gate_layer
bp,z_only,logical_z,13,0.0,0.014,50000,1235,15124755166087936240,20546,0.41092,0.0022002943148588102,zero,x_ns,gate_layer
bp,z_only,logical_z,13,0.0,0.016,50000,1235,15124755166087936240,21091,0.42182,0.0022085646361381414,zero,x_ns,gate_layer
bp,z_only,logical_z,13,0.0,0.018,50000,1235,15124755166087936240,21758,0.43516,0.002217186389999722,zero,x_ns,gate_layer
bp,z_only,logical_z,13,0.0,0.02,50000,1235,15124755166087936240,21848,0.43696,0.0022182243276999735,zero,x_ns,gate_layer
bp,z_only,logical_z,13,0.0,0.022,50000,1235,15124755166087936240,22040,0.4408,0.0022203394335101106,zero,x_ns,gate_layer
bp,z_only,logical_z,13,0.0,0.024,50000,1235,15124755166087936240,22333,0.44666,0.0022233076458286196,zero,x_ns,gate_layer
bp,z_only,logical_z,13,0.0,0.026,50000,1235,15124755166087936240,22514,0.45028,0.0022249850408485898,zero,x_ns,gate_layer
bp,z_only,logical_z,13,0.0,0.028,50000,1235,15124755166087936240,22732,0.45464,0.0022268474146200498,zero,x_ns,gate_layer
bp,z_only,logical_z,13,0.0,0.03,50000,1235,15124755166087936240,23125,0.4625,0.002229770167528483,zero,x_ns,gate_layer
bp,z_only,logical_z,13,0.0,0.032,50000,1235,15124755166087936240,23450,0.469,0.0022317661167783687,zero,x_ns,gate_layer
bp,z_only,logical_z,13,0.0,0.034,50000,1235,15124755166087936240,23418,0.46836,0.002231586477822448,zero,x_ns,gate_layer
bp,z_only,logical_z,13,0.0,0.036,50000,1235,15124755166087936240,23596,0.47192,0.0022325389743518475,zero,x_ns,gate_layer
bp,z_only,logical_z,13,0.0,0.038,50000,1235,15124755166087936240,23789,0.47578,0.002233443044270438,zero,x_ns,gate_layer
bp,z_only,logical_z,13,0.0,0.04,50000,1235,15124755166087936240,23710,0.4742,0.0022330891607815397,zero,x_ns,gate_layer
bp,z_only,logical_z,13,0.0,0.042,50000,1235,15124755166087936240,23850,0.477,0.0022337009647667703,zero,x_ns,gate_layer
bp,z_only,logical_z,13,0.0,0.044,50000,1235,15124755166087936240,24117,0.48234,0.0022346727921554867,zero,x_ns,gate_layer
bp,z_only,logical_z,13,0.0,0.046,50000,1235,15124755166087936240,23995,0.4799,0.002234260459301914,zero,x_ns,gate_layer
bp,z_only,logical_z,13,0.0,0.048,50000,1235,15124755166087936240,24334,0.48668,0.002235274379578489,zero,x_ns,gate_layer
bp,z_only,logical_z,13,0.0,0.05,50000,1235,15124755166087936240,24422,0.48844,0.0022354702699879507,zero,x_ns,gate_layer
bp,z_only,logical_z,13,0.0,0.052,50000,1235,15124755166087936240,24348,0.48696,0.002235307398994599,zero,x_ns,gate_layer
bp,z_only,logical_z,13,0.0,0.054,50000,1235,15124755166087936240,24575,0.4915,0.0022357448423288378,zero,x_ns,gate_layer
bp,z_only,logical_z,13,0.0,0.056,50000,1235,15124755166087936240,24469,0.48938,0.002235563533429547,zero,x_ns,gate_layer
bp,z_only,logical_z,13,0.0,0.058,50000,1235,15124755166087936240,24612,0.49224,0.0022357986599870748,zero,x_ns,gate_layer
bp,z_only,logical_z,13,0.0,0.06,50000,1235,15124755166087936240,24621,0.49242,0.0022358110099022234,zero,x_ns,gate_layer
bp,z_only,logical_z,13,0.0,0.062,50000,1235,15124755166087936240,24652,0.49304,0.002235851329583432,zero,x_ns,gate_layer
bp,z_only,logical_z,13,0.0,0.064,50000,1235,15124755166087936240,24706,0.49412,0.0022359133507361146,zero,x_ns,gate_layer
bp,z_only,logical_z,13,0.0,0.066,50000,1235,15124755166087936240,24478,0.48956,0.0022355804901635725,zero,x_ns,gate_layer
bp,z_only,logical_z,13,0.0,0.068,50000,1235,15124755166087936240,24772,0.49544,0.002235974983759881,zero,x_ns,gate_layer
bp,z_only,logical_z,13,0.0,0.07,50000,1235,15124755166087936240,24564,0.49128,0.0022357278975760893,zero,x_ns,gate_layer
bp,z_only,logical_z,13,0.0,0.072,50000,1235,15124755166087936240,24738,0.49476,0.0022359451800077748,zero,x_ns,gate_layer
bp,z_only,logical_z,13,0.0,0.074,50000,1235,15124755166087936240,24596,0.49192,0.00223577598877884,zero,x_ns,gate_layer
bp,z_only,logical_z,13,0.0,0.076,50000,1235,15124755166087936240,24780,0.4956,0.0022359813952714364,zero,x_ns,gate_layer
bp,z_only,logical_z,13,0.0,0.078,50000,1235,15124755166087936240,24959,0.49918,0.0022360649704335515,zero,x_ns,gate_layer
bp,z_only,logical_z,13,0.0,0.08,50000,1235,15124755166087936240,24772,0.49544,0.002235974983759881,zero,x_ns,gate_layer
bp,z_only,logical_z,13,0.0,0.082,50000,1235,15124755166087936240,25022,0.50044,0.002236067111694101,zero,x_ns,gate_layer
bp,z_only,logical_z,13,0.0,0.084,50000,1235,15124755166087936240,24829,0.49658,0.0022360156689969772,zero,x_ns,gate_layer
bp,z_only,logical_z,13,0.0,0.086,50000,1235,15124755166087936240,25098,0.50196,0.002236050797276305,zero,x_ns,gate_layer
bp,z_only,logical_z,13,0.0,0.088,50000,1235,15124755166087936240,25068,0.50136,0.002236059705821828,zero,x_ns,gate_layer
bp,z_only,logical_z,13,0.0,0.09,50000,1235,15124755166087936240,24854,0.49708,0.0022360298459546558,zero,x_ns,gate_layer
bp,z_only,logical_z,13,0.0,0.092,50000,1235,15124755166087936240,24955,0.4991,0.002236064355066732,zero,x_ns,gate_layer
bp,z_only,logical_z,13,0.0,0.094,50000,1235,15124755166087936240,25132,0.50264,0.0022360368082837995,zero,x_ns,gate_layer
bp,z_only,logical_z,13,0.0,0.096,50000,1235,15124755166087936240,24844,0.49688,0.002236024443515768,zero,x_ns,gate_layer
bp,z_only,logical_z,13,0.0,0.098,50000,1235,15124755166087936240,24974,0.49948,0.0022360667682339006,zero,x_ns,gate_layer
bp,z_only,logical_z,13,0.0,0.1,50000,1235,15124755166087936240,25006,0.50012,0.002236067913101031,zero,x_ns,gate_layer
bp,z_only,logical_z,15,0.0,0.0,50000,1235,15124755166087936240,0,0.0,0.0,zero,x_ns,gate_layer
bp,z_only,logical_z,15,0.0,0.002,50000,1235,15124755166087936240,12981,0.25962,0.0019607011786603283,zero,x_ns,gate_layer
bp,z_only,logical_z,15,0.0,0.004,50000,1235,15124755166087936240,16872,0.33744,0.0021145885954482967,zero,x_ns,gate_layer
bp,z_only,logical_z,15,0.0,0.006,50000,1235,15124755166087936240,18831,0.37662,0.002166921205766375,zero,x_ns,gate_layer
bp,z_only,logical_z,15,0.0,0.008,50000,1235,15124755166087936240,19762,0.39524,0.0021864370212745666,zero,x_ns,gate_layer
bp,z_only,logical_z,15,0.0,0.01,50000,1235,15124755166087936240,20789,0.41578,0.002204118833457035,zero,x_ns,gate_layer
bp,z_only,logical_z,15,0.0,0.012,50000,1235,15124755166087936240,21252,0.42504,0.0022107962294159993,zero,x_ns,gate_layer
bp,z_only,logical_z,15,0.0,0.014,50000,1235,15124755166087936240,21637,0.43274,0.002215744084500735,zero,x_ns,gate_layer
bp,z_only,logical_z,15,0.0,0.016,50000,1235,15124755166087936240,21982,0.43964,0.002219714713200775,zero,x_ns,gate_layer
bp,z_only,logical_z,15,0.0,0.018,50000,1235,15124755166087936240,22344,0.44688,0.002223412987278792,zero,x_ns,gate_layer
bp,z_only,logical_z,15,0.0,0.02,50000,1235,15124755166087936240,22655,0.4531,0.0022262092893526432,zero,x_ns,gate_layer
bp,z_only,logical_z,15,0.0,0.022,50000,1235,15124755166087936240,22890,0.4578,0.002228089585272549,zero,x_ns,gate_layer
bp,z_only,logical_z,15,0.0,0.024,50000,1235,15124755166087936240,23238,0.46476,0.002230507307318225,zero,x_ns,gate_layer
bp,z_only,logical_z,15,0.0,0.026,50000,1235,15124755166087936240,23577,0.47154,0.0022324427356597526,zero,x_ns,gate_layer
bp,z_only,logical_z,15,0.0,0.028,50000,1235,15124755166087936240,23635,0.4727,0.00223273245150421,zero,x_ns,gate_layer
bp,z_only,logical_z,15,0.0,0.03,50000,1235,15124755166087936240,23623,0.47246,0.0022326735023285426,zero,x_ns,gate_layer
bp,z_only,logical_z,15,0.0,0.032,50000,1235,15124755166087936240,23721,0.47442,0.002233139778876369,zero,x_ns,gate_layer
bp,z_only,logical_z,15,0.0,0.034,50000,1235,15124755166087936240,23749,0.47498,0.0022332666638805137,zero,x_ns,gate_layer
bp,z_only,logical_z,15,0.0,0.036,50000,1235,15124755166087936240,24241,0.48482,0.002235037214902696,zero,x_ns,gate_layer
bp,z_only,logical_z,15,0.0,0.038,50000,1235,15124755166087936240,24230,0.4846,0.0022350071140826377,zero,x_ns,gate_layer
bp,z_only,logical_z,15,0.0,0.04,50000,1235,15124755166087936240,24281,0.48562,0.0022351430182429043,zero,x_ns,gate_layer
bp,z_only,logical_z,15,0.0,0.042,50000,1235,15124755166087936240,24372,0.48744,0.0022353623706236085,zero,x_ns,gate_layer
bp,z_only,logical_z,15,0.0,0.044,50000,1235,15124755166087936240,24503,0.49006,0.002235626070701449,zero,x_ns,gate_layer
bp,z_only,logical_z,15,0.0,0.046,50000,1235,15124755166087936240,24534,0.49068,0.002235679483289141,zero,x_ns,gate_layer
bp,z_only,logical_z,15,0.0,0.048,50000,1235,15124755166087936240,24515,0.4903,0.002235647154628834,zero,x_ns,gate_layer
bp,z_only,logical_z,15,0.0,0.05,50000,1235,15124755166087936240,24515,0.4903,0.002235647154628834,zero,x_ns,gate_layer
bp,z_only,logical_z,15,0.0,0.052,50000,1235,15124755166087936240,24607,0.49214,0.0022357916736583487,zero,x_ns,gate_layer
bp,z_only,logical_z,15,0.0,0.054,50000,1235,15124755166087936240,24567,0.49134,0.0022357325618239765,zero,x_ns,gate_layer
bp,z_only,logical_z,15,0.0,0.056,50000,1235,15124755166087936240,24621,0.49242,0.0022358110099022234,zero,x_ns,gate_layer
bp,z_only,logical_z,15,0.0,0.058,50000,1235,15124755166087936240,24841,0.49682,0.0022360227530148257,zero,x_ns,gate_layer
bp,z_only,logical_z,15,0.0,0.06,50000,1235,15124755166087936240,24745,0.4949,0.0022359516542179527,zero,x_ns,gate_layer
bp,z_only,logical_z,15,0.0,0.062,50000,1235,15124755166087936240,24842,0.49684,0.002236023320093062,zero,x_ns,gate_layer
bp,z_only,logical_z,15,0.0,0.064,50000,1235,15124755166087936240,24914,0.49828,0.0022360547470936395,zero,x_ns,gate_layer
bp,z_only,logical_z,15,0.0,0.066,50000,1235,15124755166087936240,25020,0.5004,0.0022360672619579224,zero,x_ns,gate_layer
bp,z_only,logical_z,15,0.0,0.068,50000,1235,15124755166087936240,24869,0.49738,0.0022360372787590104,zero,x_ns,gate_layer
bp,z_only,logical_z,15,0.0,0.07,50000,1235,15124755166087936240,24850,0.497,0.002236027727913945,zero,x_ns,gate_layer
bp,z_only,logical_z,15,0.0,0.072,50000,1235,15124755166087936240,24834,0.49668,0.0022360186832850928,zero,x_ns,gate_layer
bp,z_only,logical_z,15,0.0,0.074,50000,1235,15124755166087936240,24985,0.4997,0.0022360675750075173,zero,x_ns,gate_layer
bp,z_only,logical_z,15,0.0,0.076,50000,1235,15124755166087936240,24870,0.4974,0.002236037745656365,zero,x_ns,gate_layer
bp,z_only,logical_z,15,0.0,0.078,50000,1235,15124755166087936240,24859,0.49718,0.0022360324130029957,zero,x_ns,gate_layer
bp,z_only,logical_z,15,0.0,0.08,50000,1235,15124755166087936240,24873,0.49746,0.002236039124881316,zero,x_ns,gate_layer
bp,z_only,logical_z,15,0.0,0.082,50000,1235,15124755166087936240,25066,0.50132,0.0022360601852365247,zero,x_ns,gate_layer
bp,z_only,logical_z,15,0.0,0.084,50000,1235,15124755166087936240,24998,0.49996,0.002236067970344372,zero,x_ns,gate_layer
bp,z_only,logical_z,15,0.0,0.086,50000,1235,15124755166087936240,24935,0.4987,0.002236060419577253,zero,x_ns,gate_layer
bp,z_only,logical_z,15,0.0,0.088,50000,1235,15124755166087936240,24691,0.49382,0.0022358971693707203,zero,x_ns,gate_layer
bp,z_only,logical_z,15,0.0,0.09,50000,1235,15124755166087936240,24871,0.49742,0.002236038208975866,zero,x_ns,gate_layer
bp,z_only,logical_z,15,0.0,0.092,50000,1235,15124755166087936240,24918,0.49836,0.0022360559492105737,zero,x_ns,gate_layer
bp,z_only,logical_z,15,0.0,0.094,50000,1235,15124755166087936240,25006,0.50012,0.002236067913101031,zero,x_ns,gate_layer
bp,z_only,logical_z,15,0.0,0.096,50000,1235,15124755166087936240,25000,0.5,0.00223606797749979,zero,x_ns,gate_layer
bp,z_only,logical_z,15,0.0,0.098,50000,1235,15124755166087936240,24950,0.499,0.0022360635053593624,zero,x_ns,gate_layer
bp,z_only,logical_z,15,0.0,0.1,50000,1235,15124755166087936240,25337,0.50674,0.002235864809866643,zero,x_ns,gate_layer
